post_url,username,likes,comments,post_type,post_date,engagement_score,hashtags,detailed_hashtags
https://www.instagram.com/p/7304088/,user_7974,4098.0,489.0,Image,2025-01-31 06:21:48,4475.206906534834,#colortrends #wallart #modern,#artdeco #midcenturymodern #earthytouches #sleekandchic
https://www.instagram.com/p/8987452/,user_9587,3670.0,232.0,Video,2025-02-11 06:21:48,2448.6584284009136,#luxuryhomes #colortrends #homedecor,#neutraltones #vintageaesthetic #eclecticdecor #urbanmodern
https://www.instagram.com/p/7051032/,user_9406,2973.0,191.0,Video,2024-09-19 06:21:48,732.6025339685623,#colortrends #minimalist #homedecor #interiordesign,#decorideas #scandinavianstyle #rusticcharm #boldcolors
https://www.instagram.com/p/1532550/,user_2581,1107.0,371.0,Carousel,2024-03-05 06:21:48,3217.5309986426573,#wallart #modern #furnituredesign,#artdeco #midcenturymodern #earthytouches #sleekandchic
https://www.instagram.com/p/8610926/,user_8880,2672.0,91.0,Image,2024-10-27 06:21:48,47.14995364792313,,#decorideas #scandinavianstyle #rusticcharm #boldcolors
https://www.instagram.com/p/7325494/,user_5154,1231.0,37.0,Carousel,2024-05-28 06:21:48,92.45626581172532,#luxuryhomes #boho #wallart #architecture,#artdeco #midcenturymodern #earthytouches #sleekandchic
https://www.instagram.com/p/2758426/,user_5710,627.0,50.0,Image,2024-07-03 06:21:48,2452.674344500187,#furnituredesign #luxuryhomes #interiordesign,#neutraltones #vintageaesthetic #eclecticdecor #urbanmodern
https://www.instagram.com/p/3446217/,user_9903,2485.0,,Video,2024-04-24 06:21:48,572.3313023965627,,#decorideas #scandinavianstyle #rusticcharm #boldcolors
https://www.instagram.com/p/6540242/,user_8035,,9.0,Video,2024-04-16 06:21:48,3915.477876915812,#interiordesign #modern #architecture #luxuryhomes #boho,
https://www.instagram.com/p/4915906/,user_5633,3859.0,209.0,Image,2024-08-03 06:21:48,3434.584336445981,#wallart #boho #colortrends #modern #interiordesign,#designinspo #dreamhome #interiortrends #cozyspaces
https://www.instagram.com/p/1379751/,user_6568,2130.0,248.0,Video,2024-10-01 06:21:48,3095.873681311048,#colortrends #luxuryhomes #homedecor,#neutraltones #vintageaesthetic #eclecticdecor #urbanmodern
https://www.instagram.com/p/8789691/,user_9955,3567.0,487.0,Carousel,2024-11-04 06:21:48,1725.465137991021,#wallart #luxuryhomes,#neutraltones #vintageaesthetic #eclecticdecor #urbanmodern
https://www.instagram.com/p/6432654/,user_5664,3780.0,10.0,Video,2024-07-08 06:21:48,4706.924809989803,#interiordesign #luxuryhomes #modern #minimalist,#neutraltones #vintageaesthetic #eclecticdecor #urbanmodern
https://www.instagram.com/p/2593290/,user_8686,629.0,81.0,Video,2024-11-25 06:21:48,330.17119962803633,#boho #architecture #furnituredesign #homedecor #minimalist,#neutraltones #vintageaesthetic #eclecticdecor #urbanmodern
https://www.instagram.com/p/1362711/,user_9077,431.0,30.0,Video,2024-10-17 06:21:48,1507.1055443782498,#furnituredesign #interiordesign,#designinspo #dreamhome #interiortrends #cozyspaces
https://www.instagram.com/p/6092253/,user_3212,2206.0,156.0,Video,2024-11-15 06:21:48,1396.5206695032534,#interiordesign #boho #luxuryhomes #colortrends,#designinspo #dreamhome #interiortrends #cozyspaces
https://www.instagram.com/p/2252833/,user_7270,3930.0,334.0,Carousel,2024-07-13 06:21:48,5195.0145739367,#furnituredesign #interiordesign #wallart #modern #boho,#neutraltones #vintageaesthetic #eclecticdecor #urbanmodern
https://www.instagram.com/p/5602978/,user_3262,4862.0,436.0,Image,2024-09-15 06:21:48,247.39879697631417,#architecture #homedecor #modern,#neutraltones #vintageaesthetic #eclecticdecor #urbanmodern
https://www.instagram.com/p/4499614/,user_4651,2362.0,339.0,Video,2025-02-20 06:21:48,732.1392044019885,#modern #interiordesign #homedecor,#designinspo #dreamhome #interiortrends #cozyspaces
https://www.instagram.com/p/1808883/,user_2491,3028.0,214.0,Video,2024-10-10 06:21:48,2064.5058361076185,#luxuryhomes #colortrends #architecture #boho #furnituredesign,
https://www.instagram.com/p/9941204/,user_9248,4538.0,398.0,Image,2024-09-18 06:21:48,222.47308745342576,#furnituredesign #boho #architecture #colortrends,#neutraltones #vintageaesthetic #eclecticdecor #urbanmodern
https://www.instagram.com/p/8241410/,user_1725,3915.0,500.0,Carousel,2025-02-19 06:21:48,763.4931487636167,#homedecor #interiordesign #architecture #minimalist #furnituredesign,#neutraltones #vintageaesthetic #eclecticdecor #urbanmodern
https://www.instagram.com/p/4269663/,user_1767,296.0,290.0,Image,2025-01-25 06:21:48,3967.419697375568,#architecture #wallart #interiordesign #modern,#designinspo #dreamhome #interiortrends #cozyspaces
https://www.instagram.com/p/4474561/,user_9550,486.0,379.0,Carousel,2024-05-30 06:21:48,4216.434831995711,#minimalist #homedecor,#neutraltones #vintageaesthetic #eclecticdecor #urbanmodern
https://www.instagram.com/p/1760436/,user_8947,3727.0,404.0,Image,2025-02-05 06:21:48,1793.1593937177934,#interiordesign #luxuryhomes #architecture #colortrends #minimalist,
https://www.instagram.com/p/7939873/,user_3987,2050.0,266.0,Carousel,2024-05-13 06:21:48,1568.569165536869,#furnituredesign #homedecor #architecture #minimalist,#designinspo #dreamhome #interiortrends #cozyspaces
https://www.instagram.com/p/7695731/,user_2224,4493.0,,Video,2024-04-16 06:21:48,3946.3708639011375,#furnituredesign #interiordesign #minimalist,#neutraltones #vintageaesthetic #eclecticdecor #urbanmodern
https://www.instagram.com/p/2458837/,user_5092,2030.0,440.0,Image,2024-06-02 06:21:48,1045.816273712872,,#neutraltones #vintageaesthetic #eclecticdecor #urbanmodern
https://www.instagram.com/p/1377622/,user_4168,2176.0,285.0,Image,2024-08-02 06:21:48,4719.105869017506,#boho #colortrends,#designinspo #dreamhome #interiortrends #cozyspaces
https://www.instagram.com/p/5535630/,user_6867,3546.0,132.0,Video,2025-01-31 06:21:48,4109.812410921357,#luxuryhomes #interiordesign #wallart,#decorideas #scandinavianstyle #rusticcharm #boldcolors
https://www.instagram.com/p/9665627/,user_6727,394.0,261.0,Carousel,2025-02-14 06:21:48,1231.798765739699,#homedecor #architecture #wallart #furnituredesign,#decorideas #scandinavianstyle #rusticcharm #boldcolors
https://www.instagram.com/p/8065676/,user_4273,3890.0,145.0,Image,2024-11-06 06:21:48,3443.80477943244,#modern #furnituredesign,#decorideas #scandinavianstyle #rusticcharm #boldcolors
https://www.instagram.com/p/4208223/,user_6888,230.0,328.0,Carousel,2024-10-17 06:21:48,583.3170991673759,#boho #colortrends #interiordesign #modern #architecture,
https://www.instagram.com/p/6632541/,user_1438,2656.0,,Image,2024-06-28 06:21:48,5332.946944174773,#interiordesign #modern,#neutraltones #vintageaesthetic #eclecticdecor #urbanmodern
https://www.instagram.com/p/5692584/,user_5853,4778.0,239.0,Video,2024-08-26 06:21:48,4691.333422606316,#homedecor #colortrends #luxuryhomes #furnituredesign #wallart,#decorideas #scandinavianstyle #rusticcharm #boldcolors
https://www.instagram.com/p/9175465/,user_9987,1439.0,377.0,Carousel,2024-03-12 06:21:48,602.3358269373181,#boho #interiordesign,#designinspo #dreamhome #interiortrends #cozyspaces
https://www.instagram.com/p/9168502/,user_8757,666.0,286.0,Carousel,2024-10-03 06:21:48,147.39508509154086,#boho #architecture #homedecor,#designinspo #dreamhome #interiortrends #cozyspaces
https://www.instagram.com/p/6815305/,user_7918,,,Image,2024-08-10 06:21:48,855.8149142216309,#colortrends #furnituredesign #boho #architecture,
https://www.instagram.com/p/8648271/,user_6062,1828.0,327.0,Video,2024-06-21 06:21:48,3906.9956067152575,,#neutraltones #vintageaesthetic #eclecticdecor #urbanmodern
https://www.instagram.com/p/9152509/,user_9856,2357.0,392.0,Video,2024-09-03 06:21:48,84.75873805801481,#minimalist #colortrends,#artdeco #midcenturymodern #earthytouches #sleekandchic
https://www.instagram.com/p/8549279/,user_9866,2802.0,16.0,Video,2024-11-05 06:21:48,3273.8323412653967,#boho #architecture #furnituredesign #homedecor #interiordesign,#designinspo #dreamhome #interiortrends #cozyspaces
https://www.instagram.com/p/5461806/,user_9753,4721.0,126.0,Video,2025-01-24 06:21:48,1780.533283007288,#colortrends #furnituredesign #boho,#decorideas #scandinavianstyle #rusticcharm #boldcolors
https://www.instagram.com/p/6166429/,user_9008,2876.0,460.0,Video,2024-05-09 06:21:48,173.32449852619064,#colortrends #interiordesign #architecture #furnituredesign,#decorideas #scandinavianstyle #rusticcharm #boldcolors
https://www.instagram.com/p/7908260/,user_2836,4285.0,29.0,Carousel,2024-04-13 06:21:48,4328.720739641916,#colortrends #furnituredesign #boho,#decorideas #scandinavianstyle #rusticcharm #boldcolors
https://www.instagram.com/p/4166591/,user_2182,2294.0,94.0,Video,2024-08-04 06:21:48,4929.734006608759,#interiordesign #minimalist #furnituredesign #modern,#neutraltones #vintageaesthetic #eclecticdecor #urbanmodern
https://www.instagram.com/p/7384144/,user_4341,423.0,308.0,Video,2024-04-25 06:21:48,158.236720573468,#wallart #homedecor,#designinspo #dreamhome #interiortrends #cozyspaces
https://www.instagram.com/p/2047444/,user_9996,,51.0,Video,2024-11-01 06:21:48,2501.137997800157,#boho #colortrends #luxuryhomes,#decorideas #scandinavianstyle #rusticcharm #boldcolors
https://www.instagram.com/p/1707784/,user_9975,238.0,24.0,Carousel,2025-01-03 06:21:48,5295.669864753336,#minimalist #homedecor #boho,#neutraltones #vintageaesthetic #eclecticdecor #urbanmodern
https://www.instagram.com/p/8512307/,user_1882,1178.0,479.0,Image,2024-07-16 06:21:48,4486.1690013618245,,#neutraltones #vintageaesthetic #eclecticdecor #urbanmodern
https://www.instagram.com/p/5375524/,user_8894,3608.0,491.0,Image,2024-08-31 06:21:48,3935.2835179569615,#luxuryhomes #architecture #colortrends,#decorideas #scandinavianstyle #rusticcharm #boldcolors
https://www.instagram.com/p/4955392/,user_3340,1704.0,183.0,Video,2024-02-28 06:21:48,1659.8954256528918,#furnituredesign #minimalist #interiordesign #colortrends #wallart,#designinspo #dreamhome #interiortrends #cozyspaces
https://www.instagram.com/p/4412085/,user_6194,,307.0,Image,2024-08-03 06:21:48,4033.4824593158446,#modern #homedecor #colortrends,#designinspo #dreamhome #interiortrends #cozyspaces
https://www.instagram.com/p/1148677/,user_7692,3032.0,136.0,Carousel,2024-06-16 06:21:48,453.4863862992798,#colortrends #furnituredesign #luxuryhomes #minimalist,#neutraltones #vintageaesthetic #eclecticdecor #urbanmodern
https://www.instagram.com/p/9435285/,user_3790,265.0,7.0,Video,2024-03-05 06:21:48,2367.37251456991,,#decorideas #scandinavianstyle #rusticcharm #boldcolors
https://www.instagram.com/p/8239634/,user_3961,3969.0,5.0,Image,2024-12-02 06:21:48,229.4416664443741,#wallart #luxuryhomes #furnituredesign #modern #homedecor,#designinspo #dreamhome #interiortrends #cozyspaces
https://www.instagram.com/p/3474770/,user_5577,,238.0,Carousel,2024-12-02 06:21:48,2260.766393287242,#furnituredesign #luxuryhomes,#decorideas #scandinavianstyle #rusticcharm #boldcolors
https://www.instagram.com/p/9776143/,user_4264,4404.0,52.0,Image,2025-02-08 06:21:48,4176.552601974868,,#neutraltones #vintageaesthetic #eclecticdecor #urbanmodern
https://www.instagram.com/p/9647946/,user_2032,1152.0,209.0,Image,2025-01-20 06:21:48,4831.084026188086,#minimalist #furnituredesign,
https://www.instagram.com/p/6137533/,user_3531,616.0,412.0,Video,2024-06-25 06:21:48,524.0918589605633,#colortrends #furnituredesign,
https://www.instagram.com/p/5755408/,user_6195,4119.0,170.0,Carousel,2024-10-07 06:21:48,4973.245819717171,#boho #colortrends,
https://www.instagram.com/p/4092613/,user_8944,4748.0,28.0,Video,2024-08-21 06:21:48,408.662846277836,#furnituredesign #minimalist #luxuryhomes #homedecor #modern,#decorideas #scandinavianstyle #rusticcharm #boldcolors
https://www.instagram.com/p/1691133/,user_5616,2620.0,12.0,Carousel,2024-08-27 06:21:48,5138.77340134281,#modern #architecture #minimalist,#designinspo #dreamhome #interiortrends #cozyspaces
https://www.instagram.com/p/5616204/,user_5748,397.0,145.0,Video,2024-05-09 06:21:48,5345.457472904498,#modern #minimalist #homedecor,#decorideas #scandinavianstyle #rusticcharm #boldcolors
https://www.instagram.com/p/7945317/,user_4431,,,Carousel,2024-08-14 06:21:48,532.62655398057,#minimalist #colortrends #architecture #wallart #modern,#designinspo #dreamhome #interiortrends #cozyspaces
https://www.instagram.com/p/4487422/,user_6055,467.0,54.0,Video,2024-08-11 06:21:48,2973.7704269157466,#minimalist #luxuryhomes #architecture,#neutraltones #vintageaesthetic #eclecticdecor #urbanmodern
https://www.instagram.com/p/5119168/,user_4479,3024.0,137.0,Image,2024-07-12 06:21:48,5409.816960563956,#furnituredesign #boho,#decorideas #scandinavianstyle #rusticcharm #boldcolors
https://www.instagram.com/p/3102527/,user_2013,2164.0,194.0,Carousel,2024-05-20 06:21:48,3466.401731384337,#interiordesign #architecture #luxuryhomes #wallart #minimalist,#neutraltones #vintageaesthetic #eclecticdecor #urbanmodern
https://www.instagram.com/p/6191518/,user_1254,675.0,141.0,Image,2024-08-13 06:21:48,400.5099778086345,#colortrends #boho #minimalist,#designinspo #dreamhome #interiortrends #cozyspaces
https://www.instagram.com/p/3438405/,user_5343,2478.0,488.0,Image,2024-09-18 06:21:48,5269.062432217522,#modern #interiordesign #homedecor #architecture #luxuryhomes,#artdeco #midcenturymodern #earthytouches #sleekandchic
https://www.instagram.com/p/9072040/,user_7937,3051.0,368.0,Image,2024-10-26 06:21:48,161.68610117670374,#furnituredesign #boho #colortrends #homedecor #minimalist,#designinspo #dreamhome #interiortrends #cozyspaces
https://www.instagram.com/p/1439197/,user_6846,395.0,258.0,Video,2025-02-23 06:21:48,3717.624875489335,#furnituredesign #architecture #modern #homedecor,#artdeco #midcenturymodern #earthytouches #sleekandchic
https://www.instagram.com/p/8306550/,user_2887,,326.0,Carousel,2024-12-17 06:21:48,1978.9919792792248,#modern #luxuryhomes #architecture #minimalist #colortrends,#decorideas #scandinavianstyle #rusticcharm #boldcolors
https://www.instagram.com/p/8349577/,user_3126,4834.0,144.0,Video,2024-06-27 06:21:48,3046.725279493134,#furnituredesign #wallart #colortrends,#decorideas #scandinavianstyle #rusticcharm #boldcolors
https://www.instagram.com/p/8343966/,user_1811,136.0,139.0,Video,2024-10-16 06:21:48,2526.348426058591,#furnituredesign #colortrends #interiordesign #architecture,#decorideas #scandinavianstyle #rusticcharm #boldcolors
https://www.instagram.com/p/3240736/,user_2487,467.0,357.0,Video,2024-05-05 06:21:48,3465.0656931968224,#minimalist #luxuryhomes,#neutraltones #vintageaesthetic #eclecticdecor #urbanmodern
https://www.instagram.com/p/4043577/,user_5211,3147.0,77.0,Carousel,2024-12-30 06:21:48,1753.5279732812107,#architecture #luxuryhomes #wallart #colortrends,
https://www.instagram.com/p/3284218/,user_9192,159.0,142.0,Video,2024-06-04 06:21:48,3245.4515589592106,#modern #colortrends,
https://www.instagram.com/p/3320130/,user_3792,4204.0,434.0,Carousel,2024-10-27 06:21:48,3369.289023884456,#interiordesign #boho #architecture #wallart #modern,#artdeco #midcenturymodern #earthytouches #sleekandchic
https://www.instagram.com/p/6274682/,user_2975,1551.0,85.0,Image,2024-04-28 06:21:48,3483.3918565497183,#furnituredesign #boho #minimalist #homedecor,#artdeco #midcenturymodern #earthytouches #sleekandchic
https://www.instagram.com/p/9928901/,user_1960,830.0,322.0,Image,2024-07-30 06:21:48,3075.6605325052674,#interiordesign #colortrends #homedecor #luxuryhomes,#decorideas #scandinavianstyle #rusticcharm #boldcolors
https://www.instagram.com/p/6568907/,user_2756,,273.0,Carousel,2024-02-29 06:21:48,1867.1610468112565,,#decorideas #scandinavianstyle #rusticcharm #boldcolors
https://www.instagram.com/p/3018251/,user_2113,4991.0,77.0,Image,2024-08-27 06:21:48,787.6184251167258,#boho #architecture,#designinspo #dreamhome #interiortrends #cozyspaces
https://www.instagram.com/p/5249699/,user_1833,1464.0,326.0,Carousel,2024-08-25 06:21:48,2834.638019831377,#wallart #modern,#designinspo #dreamhome #interiortrends #cozyspaces
https://www.instagram.com/p/8535301/,user_3708,2663.0,10.0,Video,2024-04-29 06:21:48,1437.5085764470166,#wallart #furnituredesign #colortrends #interiordesign,#neutraltones #vintageaesthetic #eclecticdecor #urbanmodern
https://www.instagram.com/p/3282440/,user_5319,378.0,,Video,2024-12-21 06:21:48,1622.3865912392528,#wallart #homedecor #architecture #interiordesign,#neutraltones #vintageaesthetic #eclecticdecor #urbanmodern
https://www.instagram.com/p/4432229/,user_9430,2134.0,,Carousel,2024-09-10 06:21:48,2321.716978759602,,#decorideas #scandinavianstyle #rusticcharm #boldcolors
https://www.instagram.com/p/4693581/,user_2676,4958.0,475.0,Carousel,2024-05-28 06:21:48,3956.638995006128,#wallart #minimalist,#designinspo #dreamhome #interiortrends #cozyspaces
https://www.instagram.com/p/4412160/,user_5376,3737.0,484.0,Image,2024-04-15 06:21:48,22.881187462992447,#furnituredesign #interiordesign #architecture #luxuryhomes #homedecor,#decorideas #scandinavianstyle #rusticcharm #boldcolors
https://www.instagram.com/p/2640113/,user_6992,283.0,453.0,Carousel,2025-01-02 06:21:48,2692.6271691219576,#colortrends #furnituredesign,#artdeco #midcenturymodern #earthytouches #sleekandchic
https://www.instagram.com/p/7493902/,user_3126,2424.0,151.0,Carousel,2024-07-15 06:21:48,2129.7778714362494,#luxuryhomes #furnituredesign #architecture #minimalist,#designinspo #dreamhome #interiortrends #cozyspaces
https://www.instagram.com/p/5511716/,user_3260,3639.0,460.0,Video,2024-08-24 06:21:48,2451.8786548951707,#boho #wallart #furnituredesign,#decorideas #scandinavianstyle #rusticcharm #boldcolors
https://www.instagram.com/p/2223732/,user_6715,4916.0,42.0,Video,2024-12-14 06:21:48,32.522250010565415,#wallart #homedecor #interiordesign #colortrends,#neutraltones #vintageaesthetic #eclecticdecor #urbanmodern
https://www.instagram.com/p/2112588/,user_8366,746.0,234.0,Carousel,2024-04-20 06:21:48,588.0193987068935,#boho #furnituredesign #homedecor,#decorideas #scandinavianstyle #rusticcharm #boldcolors
https://www.instagram.com/p/9617934/,user_5599,2435.0,229.0,Carousel,2024-03-23 06:21:48,2889.611421889967,#minimalist #colortrends,#neutraltones #vintageaesthetic #eclecticdecor #urbanmodern
https://www.instagram.com/p/9753905/,user_2895,1823.0,308.0,Image,2025-02-25 06:21:48,1435.416915272705,#furnituredesign #colortrends #minimalist #interiordesign #modern,#neutraltones #vintageaesthetic #eclecticdecor #urbanmodern
https://www.instagram.com/p/5266120/,user_6575,3917.0,267.0,Image,2024-11-13 06:21:48,2627.567715776453,#architecture #colortrends,#designinspo #dreamhome #interiortrends #cozyspaces
https://www.instagram.com/p/8334439/,user_1378,830.0,15.0,Carousel,2024-11-06 06:21:48,2055.6916660138168,#homedecor #minimalist #modern #colortrends #luxuryhomes,#neutraltones #vintageaesthetic #eclecticdecor #urbanmodern
https://www.instagram.com/p/6270246/,user_5029,4518.0,354.0,Image,2024-10-21 06:21:48,3100.020838301938,#wallart #homedecor #luxuryhomes #interiordesign #minimalist,#designinspo #dreamhome #interiortrends #cozyspaces
https://www.instagram.com/p/4952499/,user_4300,1822.0,299.0,Carousel,2024-04-21 06:21:48,914.7363216496389,,#designinspo #dreamhome #interiortrends #cozyspaces
https://www.instagram.com/p/8046903/,user_4449,292.0,436.0,Image,2024-09-16 06:21:48,1646.9565157768268,#minimalist #colortrends #furnituredesign #boho #homedecor,#decorideas #scandinavianstyle #rusticcharm #boldcolors
https://www.instagram.com/p/6514228/,user_9754,2876.0,,Video,2024-04-08 06:21:48,2775.007400935718,#interiordesign #boho,#decorideas #scandinavianstyle #rusticcharm #boldcolors
https://www.instagram.com/p/6444584/,user_8852,1851.0,364.0,Video,2024-07-22 06:21:48,1372.354458975252,#minimalist #interiordesign #furnituredesign #luxuryhomes,#artdeco #midcenturymodern #earthytouches #sleekandchic
https://www.instagram.com/p/7690415/,user_5095,1317.0,59.0,Carousel,2024-11-13 06:21:48,1377.6431032166374,#luxuryhomes #architecture #minimalist #colortrends,#designinspo #dreamhome #interiortrends #cozyspaces
https://www.instagram.com/p/4328718/,user_5614,523.0,426.0,Video,2024-06-06 06:21:48,3933.556919930779,#furnituredesign #minimalist #modern,#neutraltones #vintageaesthetic #eclecticdecor #urbanmodern
https://www.instagram.com/p/3620287/,user_2046,1464.0,,Image,2024-10-02 06:21:48,1666.0119256029454,#wallart #interiordesign #luxuryhomes #homedecor #architecture,#neutraltones #vintageaesthetic #eclecticdecor #urbanmodern
https://www.instagram.com/p/1689323/,user_5606,3234.0,,Video,2024-04-09 06:21:48,2804.339213785109,#wallart #colortrends #boho #homedecor #furnituredesign,#neutraltones #vintageaesthetic #eclecticdecor #urbanmodern
https://www.instagram.com/p/2932663/,user_3611,289.0,79.0,Image,2024-04-12 06:21:48,2690.244864223799,#luxuryhomes #wallart #colortrends,
https://www.instagram.com/p/8250541/,user_7594,1481.0,418.0,Carousel,2024-11-29 06:21:48,3662.697288640352,,#neutraltones #vintageaesthetic #eclecticdecor #urbanmodern
https://www.instagram.com/p/3852734/,user_9709,4381.0,339.0,Image,2024-10-14 06:21:48,1494.2383126601635,#homedecor #interiordesign,
https://www.instagram.com/p/5762572/,user_3974,52.0,398.0,Video,2024-03-11 06:21:48,4112.182464769553,#architecture #interiordesign #luxuryhomes #boho #modern,#artdeco #midcenturymodern #earthytouches #sleekandchic
https://www.instagram.com/p/1852969/,user_9311,1012.0,130.0,Carousel,2024-05-12 06:21:48,832.2690111487939,#colortrends #interiordesign #furnituredesign,#neutraltones #vintageaesthetic #eclecticdecor #urbanmodern
https://www.instagram.com/p/6764704/,user_8107,727.0,290.0,Carousel,2024-03-29 06:21:48,1229.0209202390083,#wallart #homedecor,#designinspo #dreamhome #interiortrends #cozyspaces
https://www.instagram.com/p/6437255/,user_3034,1717.0,425.0,Video,2024-04-05 06:21:48,1718.881488625997,#architecture #modern,#designinspo #dreamhome #interiortrends #cozyspaces
https://www.instagram.com/p/5858312/,user_1447,449.0,85.0,Video,2024-12-01 06:21:48,851.7315080310854,#furnituredesign #architecture #homedecor #interiordesign #boho,#neutraltones #vintageaesthetic #eclecticdecor #urbanmodern
https://www.instagram.com/p/5516517/,user_6542,3981.0,134.0,Image,2024-10-20 06:21:48,3170.4474650615207,#homedecor #modern #luxuryhomes #boho,#decorideas #scandinavianstyle #rusticcharm #boldcolors
https://www.instagram.com/p/6376849/,user_9998,1432.0,445.0,Image,2024-06-26 06:21:48,1193.0707554425271,#colortrends #architecture,#artdeco #midcenturymodern #earthytouches #sleekandchic
https://www.instagram.com/p/5423831/,user_8729,,338.0,Image,2025-02-21 06:21:48,1864.642174380619,#homedecor #furnituredesign #wallart,#designinspo #dreamhome #interiortrends #cozyspaces
https://www.instagram.com/p/6505137/,user_2981,763.0,159.0,Image,2025-02-24 06:21:48,1225.324043391877,,#designinspo #dreamhome #interiortrends #cozyspaces
https://www.instagram.com/p/6005990/,user_4847,3753.0,296.0,Carousel,2024-11-15 06:21:48,1250.8393080540525,#wallart #luxuryhomes #furnituredesign,#designinspo #dreamhome #interiortrends #cozyspaces
https://www.instagram.com/p/5664235/,user_1978,4994.0,109.0,Video,2024-06-25 06:21:48,1260.5536873704411,#furnituredesign #interiordesign #homedecor #boho #luxuryhomes,#artdeco #midcenturymodern #earthytouches #sleekandchic
https://www.instagram.com/p/7624403/,user_8110,3031.0,210.0,Carousel,2024-04-17 06:21:48,3049.556232579325,#luxuryhomes #homedecor #minimalist #interiordesign,#decorideas #scandinavianstyle #rusticcharm #boldcolors
https://www.instagram.com/p/9644910/,user_7185,,19.0,Video,2024-05-30 06:21:48,588.3788352374997,#colortrends #luxuryhomes #boho #interiordesign #furnituredesign,#neutraltones #vintageaesthetic #eclecticdecor #urbanmodern
https://www.instagram.com/p/5887196/,user_6522,2853.0,350.0,Image,2024-08-21 06:21:48,3088.006861948408,#colortrends #interiordesign,#decorideas #scandinavianstyle #rusticcharm #boldcolors
https://www.instagram.com/p/7454978/,user_9553,1533.0,464.0,Video,2024-07-03 06:21:48,2310.67670203468,#modern #wallart #furnituredesign #interiordesign #colortrends,#artdeco #midcenturymodern #earthytouches #sleekandchic
https://www.instagram.com/p/9091359/,user_3788,2718.0,444.0,Image,2024-07-13 06:21:48,5175.289623608381,,#neutraltones #vintageaesthetic #eclecticdecor #urbanmodern
https://www.instagram.com/p/7534873/,user_9339,3439.0,17.0,Carousel,2024-05-21 06:21:48,4124.25819753884,#furnituredesign #minimalist #homedecor,#artdeco #midcenturymodern #earthytouches #sleekandchic
https://www.instagram.com/p/5164128/,user_5656,,192.0,Video,2024-04-18 06:21:48,2654.514497589229,,#neutraltones #vintageaesthetic #eclecticdecor #urbanmodern
https://www.instagram.com/p/3764125/,user_9384,333.0,55.0,Video,2024-03-26 06:21:48,4775.569050821211,#wallart #modern #colortrends #boho #luxuryhomes,#neutraltones #vintageaesthetic #eclecticdecor #urbanmodern
https://www.instagram.com/p/7555225/,user_2854,1758.0,201.0,Carousel,2024-07-31 06:21:48,154.03348296686943,,#designinspo #dreamhome #interiortrends #cozyspaces
https://www.instagram.com/p/1868542/,user_3324,3612.0,356.0,Video,2024-04-03 06:21:48,4328.426791669903,,#designinspo #dreamhome #interiortrends #cozyspaces
https://www.instagram.com/p/6071252/,user_1017,1320.0,30.0,Carousel,2024-07-30 06:21:48,1636.5427057914612,#luxuryhomes #wallart #homedecor #interiordesign #boho,#neutraltones #vintageaesthetic #eclecticdecor #urbanmodern
https://www.instagram.com/p/6411106/,user_8307,2378.0,0.0,Video,2024-04-11 06:21:48,806.0951788909347,#interiordesign #modern #wallart #colortrends,#neutraltones #vintageaesthetic #eclecticdecor #urbanmodern
https://www.instagram.com/p/4284069/,user_5375,2589.0,309.0,Image,2024-10-21 06:21:48,5131.446523652996,#furnituredesign #luxuryhomes #boho #modern #wallart,#neutraltones #vintageaesthetic #eclecticdecor #urbanmodern
https://www.instagram.com/p/7994961/,user_5786,2789.0,,Image,2025-02-05 06:21:48,375.3895747657311,#modern #furnituredesign #boho #architecture #colortrends,#artdeco #midcenturymodern #earthytouches #sleekandchic
https://www.instagram.com/p/1731324/,user_8361,1112.0,436.0,Image,2024-10-31 06:21:48,14.248106343164924,#colortrends #homedecor,#decorideas #scandinavianstyle #rusticcharm #boldcolors
https://www.instagram.com/p/8331511/,user_6130,3365.0,406.0,Carousel,2024-03-14 06:21:48,3268.3079963450778,#luxuryhomes #modern,#designinspo #dreamhome #interiortrends #cozyspaces
https://www.instagram.com/p/6177452/,user_4225,2915.0,281.0,Carousel,2024-10-16 06:21:48,1674.500842425611,#interiordesign #wallart #minimalist #architecture,#designinspo #dreamhome #interiortrends #cozyspaces
https://www.instagram.com/p/9452211/,user_2547,1673.0,,Carousel,2024-03-21 06:21:48,1039.9428924188828,#homedecor #colortrends #minimalist #luxuryhomes,#neutraltones #vintageaesthetic #eclecticdecor #urbanmodern
https://www.instagram.com/p/4609820/,user_4966,76.0,,Video,2024-11-07 06:21:48,2674.986264641091,#interiordesign #homedecor #colortrends,#artdeco #midcenturymodern #earthytouches #sleekandchic
https://www.instagram.com/p/4716192/,user_1861,3795.0,168.0,Carousel,2024-09-23 06:21:48,4061.738787315091,#boho #modern #luxuryhomes #homedecor #architecture,#designinspo #dreamhome #interiortrends #cozyspaces
https://www.instagram.com/p/5015895/,user_2873,4550.0,51.0,Image,2024-05-01 06:21:48,84.76233263674354,#interiordesign #boho #homedecor #wallart,#neutraltones #vintageaesthetic #eclecticdecor #urbanmodern
https://www.instagram.com/p/2215030/,user_1852,1568.0,130.0,Video,2024-08-24 06:21:48,2654.840641503676,#modern #luxuryhomes,#neutraltones #vintageaesthetic #eclecticdecor #urbanmodern
https://www.instagram.com/p/3859008/,user_5042,3963.0,346.0,Carousel,2024-04-13 06:21:48,789.6674817636883,#luxuryhomes #colortrends #wallart #minimalist #modern,#artdeco #midcenturymodern #earthytouches #sleekandchic
https://www.instagram.com/p/1863750/,user_9006,4847.0,88.0,Video,2024-09-14 06:21:48,96.4523924154682,#architecture #wallart #minimalist,
https://www.instagram.com/p/3591942/,user_5975,2001.0,18.0,Carousel,2025-01-12 06:21:48,4866.219975342547,#minimalist #furnituredesign,#neutraltones #vintageaesthetic #eclecticdecor #urbanmodern
https://www.instagram.com/p/5601790/,user_2542,3852.0,,Video,2024-04-05 06:21:48,3739.236776802508,#minimalist #colortrends,#neutraltones #vintageaesthetic #eclecticdecor #urbanmodern
https://www.instagram.com/p/3474757/,user_1986,4381.0,349.0,Image,2024-11-23 06:21:48,5000.822988929123,#architecture #furnituredesign,#decorideas #scandinavianstyle #rusticcharm #boldcolors
https://www.instagram.com/p/5729948/,user_3016,2977.0,446.0,Video,2024-09-21 06:21:48,3278.4177084528424,#architecture #luxuryhomes,#decorideas #scandinavianstyle #rusticcharm #boldcolors
https://www.instagram.com/p/3968776/,user_5410,1350.0,,Image,2024-10-27 06:21:48,425.6133981342129,#colortrends #homedecor #furnituredesign #boho,#decorideas #scandinavianstyle #rusticcharm #boldcolors
https://www.instagram.com/p/6293776/,user_2774,234.0,447.0,Carousel,2024-11-03 06:21:48,33.71092980345536,#architecture #boho #interiordesign #colortrends #minimalist,#artdeco #midcenturymodern #earthytouches #sleekandchic
https://www.instagram.com/p/8415515/,user_9628,4556.0,311.0,Video,2025-01-11 06:21:48,4524.2095189311785,#homedecor #colortrends #wallart,
https://www.instagram.com/p/5261659/,user_1253,2820.0,132.0,Image,2024-11-03 06:21:48,5009.137897732882,#interiordesign #colortrends #luxuryhomes #wallart,#decorideas #scandinavianstyle #rusticcharm #boldcolors
https://www.instagram.com/p/1249740/,user_2486,3699.0,478.0,Image,2024-06-30 06:21:48,2804.0154017743275,#modern #minimalist #interiordesign #homedecor #furnituredesign,#decorideas #scandinavianstyle #rusticcharm #boldcolors
https://www.instagram.com/p/7287770/,user_1395,4213.0,364.0,Video,2024-10-25 06:21:48,2696.2847142624228,#architecture #homedecor #wallart #modern,#decorideas #scandinavianstyle #rusticcharm #boldcolors
https://www.instagram.com/p/7709292/,user_8449,1712.0,,Carousel,2025-02-16 06:21:48,1701.3872543927116,#homedecor #minimalist #colortrends,#decorideas #scandinavianstyle #rusticcharm #boldcolors
https://www.instagram.com/p/4396441/,user_8326,381.0,436.0,Carousel,2024-06-03 06:21:48,1960.6306511720536,#interiordesign #colortrends #architecture #furnituredesign #homedecor,#artdeco #midcenturymodern #earthytouches #sleekandchic
https://www.instagram.com/p/7861677/,user_7931,2711.0,233.0,Image,2024-06-03 06:21:48,2747.061712301226,#interiordesign #wallart #minimalist #luxuryhomes #architecture,#designinspo #dreamhome #interiortrends #cozyspaces
https://www.instagram.com/p/3849379/,user_9750,4492.0,23.0,Image,2024-10-08 06:21:48,564.1718748229749,#minimalist #furnituredesign #boho #architecture #modern,#designinspo #dreamhome #interiortrends #cozyspaces
https://www.instagram.com/p/5322765/,user_4649,4017.0,249.0,Image,2024-10-19 06:21:48,982.5100908628904,#furnituredesign #luxuryhomes #modern #interiordesign #colortrends,#artdeco #midcenturymodern #earthytouches #sleekandchic
https://www.instagram.com/p/4605332/,user_1991,,121.0,Image,2024-03-08 06:21:48,2988.959397399739,#boho #modern #luxuryhomes #minimalist #wallart,#designinspo #dreamhome #interiortrends #cozyspaces
https://www.instagram.com/p/8352903/,user_1522,3691.0,112.0,Carousel,2025-02-01 06:21:48,2218.609556027589,#furnituredesign #interiordesign #modern #architecture #luxuryhomes,
https://www.instagram.com/p/6110738/,user_5108,4519.0,270.0,Image,2024-04-27 06:21:48,2779.152107187542,#boho #wallart #architecture #colortrends,#decorideas #scandinavianstyle #rusticcharm #boldcolors
https://www.instagram.com/p/4952234/,user_7808,1873.0,199.0,Image,2024-05-02 06:21:48,3334.237864427512,#wallart #boho,#decorideas #scandinavianstyle #rusticcharm #boldcolors
https://www.instagram.com/p/4383913/,user_2465,1122.0,489.0,Image,2024-04-19 06:21:48,1840.8417430378452,#boho #luxuryhomes #minimalist #furnituredesign #modern,#decorideas #scandinavianstyle #rusticcharm #boldcolors
https://www.instagram.com/p/2088697/,user_1993,354.0,73.0,Carousel,2024-12-07 06:21:48,1773.174206548208,#furnituredesign #architecture #interiordesign #luxuryhomes #boho,#designinspo #dreamhome #interiortrends #cozyspaces
https://www.instagram.com/p/5779645/,user_1206,3343.0,80.0,Video,2025-01-16 06:21:48,4929.311971188571,,#designinspo #dreamhome #interiortrends #cozyspaces
https://www.instagram.com/p/6864676/,user_8743,714.0,148.0,Carousel,2024-07-28 06:21:48,2460.391970436401,,#decorideas #scandinavianstyle #rusticcharm #boldcolors
https://www.instagram.com/p/2724439/,user_5052,,,Image,2024-05-01 06:21:48,1516.6536789177703,#boho #homedecor,#neutraltones #vintageaesthetic #eclecticdecor #urbanmodern
https://www.instagram.com/p/8387518/,user_3520,1926.0,448.0,Video,2024-09-18 06:21:48,3642.292495020053,#colortrends #homedecor #boho #minimalist #wallart,#artdeco #midcenturymodern #earthytouches #sleekandchic
https://www.instagram.com/p/2018264/,user_8637,2237.0,417.0,Carousel,2024-07-27 06:21:48,1237.6978374458154,#minimalist #interiordesign #furnituredesign #modern,#neutraltones #vintageaesthetic #eclecticdecor #urbanmodern
https://www.instagram.com/p/5864410/,user_1657,3190.0,430.0,Video,2024-05-01 06:21:48,3332.6403232644298,#interiordesign #minimalist,#artdeco #midcenturymodern #earthytouches #sleekandchic
https://www.instagram.com/p/3467366/,user_3840,4998.0,363.0,Video,2024-07-12 06:21:48,4011.543263096384,#minimalist #modern #colortrends,#designinspo #dreamhome #interiortrends #cozyspaces
https://www.instagram.com/p/2403509/,user_5283,1982.0,122.0,Image,2025-01-18 06:21:48,1479.616995398124,#homedecor #interiordesign #architecture #minimalist #wallart,#designinspo #dreamhome #interiortrends #cozyspaces
https://www.instagram.com/p/3565653/,user_1699,4122.0,67.0,Video,2024-09-18 06:21:48,201.06183260573744,#colortrends #furnituredesign #wallart #modern,#artdeco #midcenturymodern #earthytouches #sleekandchic
https://www.instagram.com/p/7776026/,user_6601,4834.0,280.0,Carousel,2025-02-18 06:21:48,4543.632636376207,#luxuryhomes #modern #architecture #interiordesign #furnituredesign,#designinspo #dreamhome #interiortrends #cozyspaces
https://www.instagram.com/p/2170928/,user_9082,,149.0,Carousel,2024-05-02 06:21:48,4580.918609342181,#luxuryhomes #interiordesign #architecture #colortrends #furnituredesign,#neutraltones #vintageaesthetic #eclecticdecor #urbanmodern
https://www.instagram.com/p/3754755/,user_4102,2335.0,290.0,Image,2025-01-03 06:21:48,3838.8820565775854,#minimalist #architecture #wallart #interiordesign,#neutraltones #vintageaesthetic #eclecticdecor #urbanmodern
https://www.instagram.com/p/2339935/,user_6493,378.0,382.0,Image,2025-01-16 06:21:48,1355.495925607666,#interiordesign #colortrends #modern #architecture,#decorideas #scandinavianstyle #rusticcharm #boldcolors
https://www.instagram.com/p/6483352/,user_7466,747.0,363.0,Image,2025-01-25 06:21:48,5010.882373379827,#homedecor #boho,#artdeco #midcenturymodern #earthytouches #sleekandchic
https://www.instagram.com/p/9205805/,user_2295,2392.0,437.0,Image,2024-11-25 06:21:48,2527.707093838275,#boho #colortrends #luxuryhomes #modern #furnituredesign,#neutraltones #vintageaesthetic #eclecticdecor #urbanmodern
https://www.instagram.com/p/2662769/,user_2574,,56.0,Carousel,2024-04-04 06:21:48,3464.34512548306,#modern #furnituredesign #interiordesign,#artdeco #midcenturymodern #earthytouches #sleekandchic
https://www.instagram.com/p/7032944/,user_8422,473.0,333.0,Video,2024-07-27 06:21:48,1358.5410014784434,#luxuryhomes #homedecor,#artdeco #midcenturymodern #earthytouches #sleekandchic
https://www.instagram.com/p/9475240/,user_9619,2462.0,342.0,Video,2024-08-27 06:21:48,4604.494132523353,#modern #interiordesign #luxuryhomes,#neutraltones #vintageaesthetic #eclecticdecor #urbanmodern
https://www.instagram.com/p/8554367/,user_4691,,320.0,Carousel,2024-09-25 06:21:48,2883.8439035544548,#luxuryhomes #colortrends,#artdeco #midcenturymodern #earthytouches #sleekandchic
https://www.instagram.com/p/2437016/,user_4226,4159.0,328.0,Video,2024-12-27 06:21:48,1764.985644540137,#homedecor #architecture #boho,#artdeco #midcenturymodern #earthytouches #sleekandchic
https://www.instagram.com/p/8905835/,user_7587,987.0,37.0,Video,2024-11-19 06:21:48,2839.861182623106,#architecture #luxuryhomes #homedecor #wallart #colortrends,#neutraltones #vintageaesthetic #eclecticdecor #urbanmodern
https://www.instagram.com/p/7404058/,user_3173,234.0,255.0,Carousel,2024-09-05 06:21:48,4638.949935910461,#modern #colortrends #wallart #luxuryhomes,#artdeco #midcenturymodern #earthytouches #sleekandchic
https://www.instagram.com/p/1088457/,user_7885,1451.0,303.0,Image,2025-01-21 06:21:48,4256.546007759062,#modern #interiordesign #luxuryhomes #furnituredesign,#designinspo #dreamhome #interiortrends #cozyspaces
https://www.instagram.com/p/5455267/,user_6685,1726.0,447.0,Image,2024-05-23 06:21:48,583.4078028721434,#furnituredesign #minimalist #architecture #interiordesign #boho,#neutraltones #vintageaesthetic #eclecticdecor #urbanmodern
https://www.instagram.com/p/6196223/,user_4482,3415.0,353.0,Image,2024-11-05 06:21:48,448.2622525070774,,#decorideas #scandinavianstyle #rusticcharm #boldcolors
https://www.instagram.com/p/6694787/,user_2456,273.0,301.0,Image,2024-09-24 06:21:48,1554.7024974399826,#homedecor #modern #colortrends,#artdeco #midcenturymodern #earthytouches #sleekandchic
https://www.instagram.com/p/3804684/,user_9302,3068.0,8.0,Carousel,2024-09-07 06:21:48,3123.6695298017785,#architecture #modern,#designinspo #dreamhome #interiortrends #cozyspaces
https://www.instagram.com/p/1859955/,user_9459,2823.0,1.0,Image,2024-08-20 06:21:48,2823.9896157876647,#luxuryhomes #interiordesign #architecture #homedecor #wallart,#designinspo #dreamhome #interiortrends #cozyspaces
https://www.instagram.com/p/1504488/,user_6180,1977.0,222.0,Image,2024-08-21 06:21:48,782.8607689774783,#boho #architecture #colortrends,#decorideas #scandinavianstyle #rusticcharm #boldcolors
https://www.instagram.com/p/2862159/,user_5365,2268.0,,Image,2024-05-12 06:21:48,2174.740215552129,#homedecor #modern #furnituredesign #wallart #minimalist,#decorideas #scandinavianstyle #rusticcharm #boldcolors
https://www.instagram.com/p/2506665/,user_3330,1233.0,123.0,Image,2024-03-09 06:21:48,2922.0770979532244,,#artdeco #midcenturymodern #earthytouches #sleekandchic
https://www.instagram.com/p/9467409/,user_6404,2310.0,357.0,Video,2024-06-06 06:21:48,1682.4807110046193,#homedecor #wallart,#neutraltones #vintageaesthetic #eclecticdecor #urbanmodern
https://www.instagram.com/p/6805916/,user_3730,3693.0,180.0,Image,2025-02-12 06:21:48,1403.4409245326287,#modern #minimalist,#designinspo #dreamhome #interiortrends #cozyspaces
https://www.instagram.com/p/6879840/,user_3262,1656.0,415.0,Video,2024-07-22 06:21:48,2554.0787842741765,#furnituredesign #colortrends #architecture #boho #homedecor,
https://www.instagram.com/p/5604942/,user_5991,1608.0,457.0,Video,2025-01-15 06:21:48,3286.4548625760094,#furnituredesign #interiordesign #colortrends,
https://www.instagram.com/p/2489782/,user_2730,682.0,222.0,Image,2024-06-10 06:21:48,4082.756919111399,#wallart #architecture #furnituredesign #luxuryhomes,#artdeco #midcenturymodern #earthytouches #sleekandchic
https://www.instagram.com/p/9474353/,user_3062,1452.0,129.0,Image,2025-02-07 06:21:48,3000.237285368652,#interiordesign #luxuryhomes #colortrends #wallart #minimalist,#decorideas #scandinavianstyle #rusticcharm #boldcolors
https://www.instagram.com/p/9107267/,user_9245,1131.0,354.0,Image,2024-06-26 06:21:48,3062.671423285691,,#artdeco #midcenturymodern #earthytouches #sleekandchic
https://www.instagram.com/p/1366755/,user_2363,2980.0,,Carousel,2024-08-23 06:21:48,5005.449387836343,#homedecor #colortrends,#artdeco #midcenturymodern #earthytouches #sleekandchic
https://www.instagram.com/p/2405713/,user_8129,1048.0,438.0,Carousel,2024-10-08 06:21:48,321.43074116704696,#minimalist #interiordesign #wallart #modern,#neutraltones #vintageaesthetic #eclecticdecor #urbanmodern
https://www.instagram.com/p/8069182/,user_7701,1685.0,201.0,Image,2024-06-08 06:21:48,3438.9558149532427,#boho #homedecor #modern #architecture,#neutraltones #vintageaesthetic #eclecticdecor #urbanmodern
https://www.instagram.com/p/4392261/,user_4942,4159.0,72.0,Video,2024-10-17 06:21:48,2368.8183310996496,#interiordesign #furnituredesign #minimalist #colortrends,
https://www.instagram.com/p/8761384/,user_7896,,349.0,Carousel,2024-05-21 06:21:48,2724.416016439971,#homedecor #minimalist,#artdeco #midcenturymodern #earthytouches #sleekandchic
https://www.instagram.com/p/1328363/,user_5505,3132.0,332.0,Image,2024-06-15 06:21:48,1366.9452159581108,#luxuryhomes #homedecor #interiordesign #furnituredesign #colortrends,#neutraltones #vintageaesthetic #eclecticdecor #urbanmodern
https://www.instagram.com/p/1134075/,user_6853,2357.0,307.0,Image,2024-09-04 06:21:48,5368.145492110391,,#artdeco #midcenturymodern #earthytouches #sleekandchic
https://www.instagram.com/p/9158249/,user_8270,1942.0,481.0,Carousel,2024-12-29 06:21:48,2432.5694310611566,#interiordesign #colortrends #minimalist,
https://www.instagram.com/p/7758609/,user_9845,,137.0,Image,2024-04-24 06:21:48,3853.5670429588376,#furnituredesign #luxuryhomes #interiordesign,#decorideas #scandinavianstyle #rusticcharm #boldcolors
https://www.instagram.com/p/4418781/,user_4694,646.0,112.0,Image,2024-04-27 06:21:48,4822.487381418011,#colortrends #modern,#decorideas #scandinavianstyle #rusticcharm #boldcolors
https://www.instagram.com/p/2908012/,user_5625,3937.0,,Image,2025-01-21 06:21:48,4360.812919740237,#colortrends #furnituredesign #luxuryhomes,#designinspo #dreamhome #interiortrends #cozyspaces
https://www.instagram.com/p/8716544/,user_6903,2900.0,152.0,Carousel,2024-10-13 06:21:48,4260.831759779472,#modern #luxuryhomes #boho #furnituredesign,#designinspo #dreamhome #interiortrends #cozyspaces
https://www.instagram.com/p/3525615/,user_1482,1603.0,,Video,2024-08-13 06:21:48,1948.9385774445725,#furnituredesign #wallart #minimalist #boho,
https://www.instagram.com/p/2591669/,user_9708,4437.0,327.0,Image,2024-05-15 06:21:48,4029.175077402383,#interiordesign #wallart #colortrends,#decorideas #scandinavianstyle #rusticcharm #boldcolors
https://www.instagram.com/p/9112837/,user_5116,2395.0,451.0,Image,2024-05-28 06:21:48,11.70270048233174,,
https://www.instagram.com/p/6531974/,user_9742,365.0,471.0,Image,2024-06-23 06:21:48,206.75720974884396,#minimalist #modern #colortrends #interiordesign #architecture,
https://www.instagram.com/p/1401465/,user_1330,806.0,326.0,Video,2024-12-12 06:21:48,5301.679418167455,#modern #homedecor #boho #furnituredesign #wallart,#artdeco #midcenturymodern #earthytouches #sleekandchic
https://www.instagram.com/p/2966977/,user_4482,2526.0,92.0,Video,2024-11-09 06:21:48,2137.997074252619,#boho #modern #minimalist #interiordesign,#neutraltones #vintageaesthetic #eclecticdecor #urbanmodern
https://www.instagram.com/p/9370978/,user_8467,,183.0,Image,2024-06-19 06:21:48,4893.864004882965,#homedecor #boho #wallart #luxuryhomes #modern,#neutraltones #vintageaesthetic #eclecticdecor #urbanmodern
https://www.instagram.com/p/3169106/,user_6894,1042.0,139.0,Image,2024-05-28 06:21:48,5276.101095896758,#architecture #wallart #interiordesign #luxuryhomes,#artdeco #midcenturymodern #earthytouches #sleekandchic
https://www.instagram.com/p/7630206/,user_7246,760.0,,Video,2024-03-27 06:21:48,4647.136746223047,#boho #furnituredesign #architecture #luxuryhomes,#designinspo #dreamhome #interiortrends #cozyspaces
https://www.instagram.com/p/1317323/,user_9073,3265.0,147.0,Image,2024-05-28 06:21:48,3494.8179619586776,#modern #homedecor #wallart,#decorideas #scandinavianstyle #rusticcharm #boldcolors
https://www.instagram.com/p/4375976/,user_7470,3350.0,202.0,Video,2025-02-11 06:21:48,4593.572582239013,#luxuryhomes #minimalist,#decorideas #scandinavianstyle #rusticcharm #boldcolors
https://www.instagram.com/p/8474814/,user_1478,1637.0,,Carousel,2024-09-01 06:21:48,1409.8318026263555,#wallart #interiordesign #luxuryhomes #homedecor,#neutraltones #vintageaesthetic #eclecticdecor #urbanmodern
https://www.instagram.com/p/1210039/,user_3159,3513.0,227.0,Video,2024-04-14 06:21:48,3324.329225075358,#wallart #architecture #minimalist #interiordesign,#artdeco #midcenturymodern #earthytouches #sleekandchic
https://www.instagram.com/p/6376305/,user_2506,4334.0,499.0,Video,2025-02-05 06:21:48,3738.741992380584,#architecture #colortrends #boho,#artdeco #midcenturymodern #earthytouches #sleekandchic
https://www.instagram.com/p/4804875/,user_6663,1251.0,87.0,Image,2024-06-07 06:21:48,2210.5013762643503,,#neutraltones #vintageaesthetic #eclecticdecor #urbanmodern
https://www.instagram.com/p/7364526/,user_6970,1721.0,145.0,Image,2024-09-01 06:21:48,1678.8988825893305,#modern #boho #homedecor,#neutraltones #vintageaesthetic #eclecticdecor #urbanmodern
https://www.instagram.com/p/8712727/,user_2764,1774.0,478.0,Image,2024-07-08 06:21:48,5451.313044877376,#colortrends #luxuryhomes,#designinspo #dreamhome #interiortrends #cozyspaces
https://www.instagram.com/p/1885306/,user_4974,711.0,79.0,Video,2025-01-12 06:21:48,4545.449884039887,#homedecor #boho,#neutraltones #vintageaesthetic #eclecticdecor #urbanmodern
https://www.instagram.com/p/6265432/,user_9079,1750.0,212.0,Carousel,2024-02-27 06:21:48,5414.202091106677,#furnituredesign #interiordesign #luxuryhomes #minimalist,#neutraltones #vintageaesthetic #eclecticdecor #urbanmodern
https://www.instagram.com/p/9934112/,user_3545,1332.0,326.0,Image,2024-12-27 06:21:48,4057.8980841439984,,#designinspo #dreamhome #interiortrends #cozyspaces
https://www.instagram.com/p/7918216/,user_1426,,373.0,Image,2024-10-18 06:21:48,3965.233788375695,#colortrends #homedecor,
https://www.instagram.com/p/8249384/,user_5244,1109.0,122.0,Image,2024-08-08 06:21:48,1135.7530187425546,#wallart #luxuryhomes #furnituredesign #boho #modern,#decorideas #scandinavianstyle #rusticcharm #boldcolors
https://www.instagram.com/p/1066273/,user_3363,2163.0,252.0,Video,2024-07-16 06:21:48,4508.002747228255,#furnituredesign #homedecor #architecture,#neutraltones #vintageaesthetic #eclecticdecor #urbanmodern
https://www.instagram.com/p/4906583/,user_9375,3999.0,369.0,Video,2024-12-03 06:21:48,1943.276972504596,#modern #homedecor,#artdeco #midcenturymodern #earthytouches #sleekandchic
https://www.instagram.com/p/3542439/,user_5467,3330.0,403.0,Carousel,2024-03-04 06:21:48,4171.527176586335,#minimalist #wallart #homedecor #luxuryhomes #modern,#decorideas #scandinavianstyle #rusticcharm #boldcolors
https://www.instagram.com/p/5651140/,user_4014,1193.0,91.0,Image,2024-09-14 06:21:48,4010.921755945493,#minimalist #wallart #modern,#designinspo #dreamhome #interiortrends #cozyspaces
https://www.instagram.com/p/9066822/,user_1276,3056.0,376.0,Carousel,2024-12-13 06:21:48,4616.628935344788,#furnituredesign #modern #minimalist #architecture,#decorideas #scandinavianstyle #rusticcharm #boldcolors
https://www.instagram.com/p/8769460/,user_5155,3944.0,51.0,Image,2024-03-28 06:21:48,3513.015982309525,#boho #wallart,#designinspo #dreamhome #interiortrends #cozyspaces
https://www.instagram.com/p/7399554/,user_5181,94.0,210.0,Carousel,2025-02-15 06:21:48,824.604513300433,#architecture #boho #wallart #interiordesign,#neutraltones #vintageaesthetic #eclecticdecor #urbanmodern
https://www.instagram.com/p/5817085/,user_6284,3478.0,484.0,Image,2024-03-10 06:21:48,2923.5863272846477,#wallart #architecture #luxuryhomes #furnituredesign,#artdeco #midcenturymodern #earthytouches #sleekandchic
https://www.instagram.com/p/3953233/,user_3724,4459.0,451.0,Image,2024-08-28 06:21:48,802.8050651611738,#wallart #luxuryhomes #architecture,#artdeco #midcenturymodern #earthytouches #sleekandchic
https://www.instagram.com/p/6577249/,user_6229,,28.0,Video,2024-02-29 06:21:48,777.1801396223256,#furnituredesign #architecture,#designinspo #dreamhome #interiortrends #cozyspaces
https://www.instagram.com/p/5448482/,user_5505,3203.0,107.0,Image,2025-02-14 06:21:48,2687.081507515901,#boho #wallart #colortrends #architecture,#neutraltones #vintageaesthetic #eclecticdecor #urbanmodern
https://www.instagram.com/p/8493106/,user_8278,,165.0,Carousel,2024-10-04 06:21:48,4723.488672742823,#homedecor #minimalist #modern #interiordesign #colortrends,#decorideas #scandinavianstyle #rusticcharm #boldcolors
https://www.instagram.com/p/9149344/,user_4531,1314.0,289.0,Video,2024-09-02 06:21:48,4586.7971741675565,#interiordesign #boho #colortrends,#designinspo #dreamhome #interiortrends #cozyspaces
https://www.instagram.com/p/7932474/,user_4022,,413.0,Carousel,2025-01-05 06:21:48,4711.915600621353,#modern #homedecor #interiordesign #architecture #boho,#neutraltones #vintageaesthetic #eclecticdecor #urbanmodern
https://www.instagram.com/p/8418505/,user_4518,3263.0,74.0,Carousel,2024-09-04 06:21:48,2461.007773347669,,#artdeco #midcenturymodern #earthytouches #sleekandchic
https://www.instagram.com/p/2842778/,user_3377,1543.0,151.0,Carousel,2025-01-26 06:21:48,1345.0038520926114,#boho #luxuryhomes #colortrends,#artdeco #midcenturymodern #earthytouches #sleekandchic
https://www.instagram.com/p/9871343/,user_9241,1707.0,393.0,Carousel,2024-12-04 06:21:48,2178.795991542281,#homedecor #luxuryhomes #wallart,#designinspo #dreamhome #interiortrends #cozyspaces
https://www.instagram.com/p/6421907/,user_6156,4734.0,389.0,Video,2024-08-26 06:21:48,1457.1877744997937,#luxuryhomes #boho #wallart,#neutraltones #vintageaesthetic #eclecticdecor #urbanmodern
https://www.instagram.com/p/7180046/,user_2174,1107.0,31.0,Image,2024-12-30 06:21:48,780.1012270487186,#homedecor #modern #boho,#artdeco #midcenturymodern #earthytouches #sleekandchic
https://www.instagram.com/p/6542492/,user_5865,1144.0,465.0,Image,2024-11-19 06:21:48,5373.770025118679,#interiordesign #wallart #boho #modern,#neutraltones #vintageaesthetic #eclecticdecor #urbanmodern
https://www.instagram.com/p/1832299/,user_8748,4805.0,95.0,Image,2024-04-28 06:21:48,4728.951069881456,#colortrends #interiordesign #architecture,
https://www.instagram.com/p/5293393/,user_6312,1761.0,423.0,Image,2024-02-27 06:21:48,16.45267174922177,#interiordesign #colortrends,#artdeco #midcenturymodern #earthytouches #sleekandchic
https://www.instagram.com/p/7239188/,user_4489,1837.0,405.0,Carousel,2025-02-15 06:21:48,2384.5676197997736,#interiordesign #furnituredesign #luxuryhomes,#designinspo #dreamhome #interiortrends #cozyspaces
https://www.instagram.com/p/5067679/,user_9899,3180.0,71.0,Video,2024-12-29 06:21:48,1697.9374282871145,,#artdeco #midcenturymodern #earthytouches #sleekandchic
https://www.instagram.com/p/5041152/,user_2376,4337.0,134.0,Image,2024-08-21 06:21:48,1758.8698588689692,#luxuryhomes #wallart #boho #furnituredesign,#artdeco #midcenturymodern #earthytouches #sleekandchic
https://www.instagram.com/p/1418573/,user_9198,827.0,494.0,Video,2024-09-16 06:21:48,2844.480984010889,,#artdeco #midcenturymodern #earthytouches #sleekandchic
https://www.instagram.com/p/6925783/,user_4452,1239.0,414.0,Carousel,2025-01-09 06:21:48,1096.3812573042214,#modern #architecture #minimalist,#artdeco #midcenturymodern #earthytouches #sleekandchic
https://www.instagram.com/p/9740609/,user_5782,1764.0,57.0,Video,2024-10-02 06:21:48,3452.458597136405,#luxuryhomes #colortrends #boho #furnituredesign,#neutraltones #vintageaesthetic #eclecticdecor #urbanmodern
https://www.instagram.com/p/8637490/,user_7223,4214.0,94.0,Video,2024-04-18 06:21:48,4682.193033721524,,#artdeco #midcenturymodern #earthytouches #sleekandchic
https://www.instagram.com/p/1277541/,user_3274,,484.0,Video,2025-02-13 06:21:48,890.8628017334254,#interiordesign #boho #homedecor #furnituredesign,#neutraltones #vintageaesthetic #eclecticdecor #urbanmodern
https://www.instagram.com/p/9493432/,user_7582,2491.0,113.0,Image,2024-07-17 06:21:48,2137.457916011234,#modern #homedecor #colortrends #boho,#designinspo #dreamhome #interiortrends #cozyspaces
https://www.instagram.com/p/2834376/,user_9542,510.0,184.0,Carousel,2024-09-10 06:21:48,3581.081345532042,,#designinspo #dreamhome #interiortrends #cozyspaces
https://www.instagram.com/p/2950008/,user_8294,3907.0,93.0,Video,2025-02-17 06:21:48,469.48471960358,#luxuryhomes #homedecor #colortrends #architecture #modern,#decorideas #scandinavianstyle #rusticcharm #boldcolors
https://www.instagram.com/p/5572361/,user_3135,3847.0,208.0,Video,2024-12-20 06:21:48,2759.1760680840525,#boho #architecture #luxuryhomes,#artdeco #midcenturymodern #earthytouches #sleekandchic
https://www.instagram.com/p/1937438/,user_5234,3206.0,,Carousel,2024-10-21 06:21:48,762.1812203007378,#architecture #colortrends #luxuryhomes #interiordesign #modern,#designinspo #dreamhome #interiortrends #cozyspaces
https://www.instagram.com/p/4370688/,user_5451,3609.0,406.0,Video,2025-01-17 06:21:48,2580.2359313243223,#architecture #boho #furnituredesign #interiordesign #homedecor,#designinspo #dreamhome #interiortrends #cozyspaces
https://www.instagram.com/p/3943473/,user_2096,291.0,24.0,Carousel,2024-08-30 06:21:48,1436.966873818632,#furnituredesign #homedecor #modern #boho #wallart,#decorideas #scandinavianstyle #rusticcharm #boldcolors
https://www.instagram.com/p/6927752/,user_3167,338.0,261.0,Image,2024-10-18 06:21:48,4109.59219460191,#interiordesign #colortrends,#neutraltones #vintageaesthetic #eclecticdecor #urbanmodern
https://www.instagram.com/p/9361164/,user_6082,4876.0,265.0,Video,2024-03-05 06:21:48,598.6113756074807,#colortrends #modern #luxuryhomes,#artdeco #midcenturymodern #earthytouches #sleekandchic
https://www.instagram.com/p/1951195/,user_8884,1335.0,,Carousel,2024-10-25 06:21:48,3541.512568301013,,#neutraltones #vintageaesthetic #eclecticdecor #urbanmodern
https://www.instagram.com/p/4783509/,user_1130,606.0,385.0,Image,2024-08-07 06:21:48,2629.892955435528,#luxuryhomes #wallart,#neutraltones #vintageaesthetic #eclecticdecor #urbanmodern
https://www.instagram.com/p/6493556/,user_8571,4994.0,450.0,Image,2024-09-04 06:21:48,3365.130774661453,#wallart #homedecor #colortrends #interiordesign,#neutraltones #vintageaesthetic #eclecticdecor #urbanmodern
https://www.instagram.com/p/4189323/,user_2358,637.0,465.0,Image,2024-07-02 06:21:48,845.5654651120777,#boho #colortrends #furnituredesign #minimalist #architecture,#neutraltones #vintageaesthetic #eclecticdecor #urbanmodern
https://www.instagram.com/p/4224188/,user_4157,4424.0,468.0,Carousel,2024-05-28 06:21:48,1200.7782226406564,#minimalist #luxuryhomes #wallart,#neutraltones #vintageaesthetic #eclecticdecor #urbanmodern
https://www.instagram.com/p/2659257/,user_6482,2998.0,142.0,Video,2024-09-20 06:21:48,2445.221620498232,#boho #furnituredesign #homedecor #minimalist,#designinspo #dreamhome #interiortrends #cozyspaces
https://www.instagram.com/p/3901030/,user_7313,4449.0,270.0,Carousel,2024-10-29 06:21:48,3543.6508784812454,,
https://www.instagram.com/p/1787068/,user_2091,3999.0,360.0,Carousel,2024-11-15 06:21:48,365.8283589537566,,#artdeco #midcenturymodern #earthytouches #sleekandchic
https://www.instagram.com/p/4764169/,user_1407,3456.0,31.0,Carousel,2024-05-06 06:21:48,192.26747934463023,#colortrends #homedecor #minimalist #interiordesign #luxuryhomes,#neutraltones #vintageaesthetic #eclecticdecor #urbanmodern
https://www.instagram.com/p/4738546/,user_1448,4951.0,185.0,Image,2024-05-28 06:21:48,1708.5725069907876,#furnituredesign #minimalist #interiordesign,#neutraltones #vintageaesthetic #eclecticdecor #urbanmodern
https://www.instagram.com/p/8393477/,user_6502,1191.0,33.0,Image,2024-09-17 06:21:48,3439.4383756820475,#colortrends #architecture #interiordesign #modern,#decorideas #scandinavianstyle #rusticcharm #boldcolors
https://www.instagram.com/p/4336127/,user_2095,3043.0,243.0,Image,2025-02-03 06:21:48,4858.8895496749465,#interiordesign #minimalist #wallart #luxuryhomes #architecture,#decorideas #scandinavianstyle #rusticcharm #boldcolors
https://www.instagram.com/p/1598034/,user_8093,3768.0,204.0,Carousel,2024-09-09 06:21:48,3311.214620694117,#boho #furnituredesign,
https://www.instagram.com/p/7562637/,user_8814,3152.0,201.0,Video,2024-12-26 06:21:48,274.88891519282384,#minimalist #wallart #interiordesign #luxuryhomes #boho,#artdeco #midcenturymodern #earthytouches #sleekandchic
https://www.instagram.com/p/1839188/,user_5837,1688.0,107.0,Image,2025-01-26 06:21:48,668.2031706113787,#colortrends #minimalist,#designinspo #dreamhome #interiortrends #cozyspaces
https://www.instagram.com/p/1180367/,user_9143,,274.0,Carousel,2024-03-08 06:21:48,3634.08861199996,#colortrends #luxuryhomes #wallart #homedecor,#decorideas #scandinavianstyle #rusticcharm #boldcolors
https://www.instagram.com/p/7714189/,user_4937,1769.0,368.0,Image,2024-12-23 06:21:48,5280.840482693538,#colortrends #boho,#designinspo #dreamhome #interiortrends #cozyspaces
https://www.instagram.com/p/6295651/,user_3773,2918.0,472.0,Image,2024-08-07 06:21:48,2311.2277087815705,#homedecor #modern #wallart #architecture #interiordesign,
https://www.instagram.com/p/3969221/,user_3974,4247.0,161.0,Video,2024-03-07 06:21:48,5085.5430272476015,,#neutraltones #vintageaesthetic #eclecticdecor #urbanmodern
https://www.instagram.com/p/3009187/,user_4249,,,Image,2024-11-10 06:21:48,4155.258134988961,#modern #colortrends,#neutraltones #vintageaesthetic #eclecticdecor #urbanmodern
https://www.instagram.com/p/5918008/,user_8948,3709.0,284.0,Carousel,2024-04-25 06:21:48,2299.545057640139,#minimalist #architecture #boho #homedecor #furnituredesign,#designinspo #dreamhome #interiortrends #cozyspaces
https://www.instagram.com/p/1354266/,user_8159,,168.0,Carousel,2024-06-24 06:21:48,4398.998742111767,#furnituredesign #interiordesign #boho,#designinspo #dreamhome #interiortrends #cozyspaces
https://www.instagram.com/p/4427463/,user_8920,1221.0,486.0,Video,2025-02-02 06:21:48,1722.76309821367,#luxuryhomes #homedecor,#designinspo #dreamhome #interiortrends #cozyspaces
https://www.instagram.com/p/2691926/,user_4328,150.0,,Carousel,2024-03-14 06:21:48,4162.638100892196,#interiordesign #architecture #homedecor #colortrends #luxuryhomes,#neutraltones #vintageaesthetic #eclecticdecor #urbanmodern
https://www.instagram.com/p/1066950/,user_2032,3176.0,160.0,Image,2025-02-19 06:21:48,1155.7003532574208,#luxuryhomes #homedecor #furnituredesign,#artdeco #midcenturymodern #earthytouches #sleekandchic
https://www.instagram.com/p/9955949/,user_3177,,290.0,Video,2024-10-15 06:21:48,2796.281365896034,#luxuryhomes #minimalist #colortrends #homedecor #wallart,
https://www.instagram.com/p/4051788/,user_2576,1065.0,182.0,Carousel,2024-10-13 06:21:48,2567.599869175999,#boho #colortrends #interiordesign #homedecor,#designinspo #dreamhome #interiortrends #cozyspaces
https://www.instagram.com/p/2496046/,user_7401,2798.0,,Image,2024-05-19 06:21:48,4649.46236932792,#architecture #luxuryhomes #minimalist,#neutraltones #vintageaesthetic #eclecticdecor #urbanmodern
https://www.instagram.com/p/3517604/,user_9399,4811.0,,Carousel,2025-01-25 06:21:48,4279.559853072644,,#neutraltones #vintageaesthetic #eclecticdecor #urbanmodern
https://www.instagram.com/p/8163812/,user_9380,1774.0,474.0,Image,2024-11-30 06:21:48,4684.678106502292,#homedecor #architecture #boho,#designinspo #dreamhome #interiortrends #cozyspaces
https://www.instagram.com/p/7768092/,user_5874,248.0,421.0,Carousel,2025-01-06 06:21:48,2328.108748207267,#interiordesign #wallart #architecture #homedecor #boho,#neutraltones #vintageaesthetic #eclecticdecor #urbanmodern
https://www.instagram.com/p/2884613/,user_2210,1918.0,209.0,Image,2024-09-25 06:21:48,3655.919262670027,,#artdeco #midcenturymodern #earthytouches #sleekandchic
https://www.instagram.com/p/9595610/,user_6427,1940.0,155.0,Video,2024-04-14 06:21:48,5453.578085901149,#boho #architecture #interiordesign,#artdeco #midcenturymodern #earthytouches #sleekandchic
https://www.instagram.com/p/8527877/,user_7798,2562.0,131.0,Video,2024-09-09 06:21:48,2903.155346280783,,#artdeco #midcenturymodern #earthytouches #sleekandchic
https://www.instagram.com/p/4976714/,user_5132,1304.0,125.0,Image,2024-10-18 06:21:48,4653.310794344145,#homedecor #minimalist #furnituredesign #wallart #colortrends,#artdeco #midcenturymodern #earthytouches #sleekandchic
https://www.instagram.com/p/9727820/,user_2784,316.0,24.0,Video,2025-02-24 06:21:48,1170.9869848199733,#luxuryhomes #homedecor #boho,#neutraltones #vintageaesthetic #eclecticdecor #urbanmodern
https://www.instagram.com/p/9542128/,user_9208,2284.0,376.0,Carousel,2025-02-10 06:21:48,3798.392720028168,#modern #interiordesign #wallart #architecture #luxuryhomes,#designinspo #dreamhome #interiortrends #cozyspaces
https://www.instagram.com/p/9718977/,user_3449,4742.0,220.0,Video,2024-04-28 06:21:48,4544.224227870378,#luxuryhomes #homedecor #furnituredesign,#neutraltones #vintageaesthetic #eclecticdecor #urbanmodern
https://www.instagram.com/p/8477999/,user_7653,1435.0,160.0,Carousel,2024-10-11 06:21:48,2649.586396143436,#homedecor #interiordesign #boho,#artdeco #midcenturymodern #earthytouches #sleekandchic
https://www.instagram.com/p/9063155/,user_4150,1598.0,454.0,Video,2024-10-15 06:21:48,3304.743803738429,#minimalist #colortrends #furnituredesign #boho,#artdeco #midcenturymodern #earthytouches #sleekandchic
https://www.instagram.com/p/3512708/,user_4133,1732.0,291.0,Video,2024-10-11 06:21:48,3662.077852401914,#interiordesign #homedecor #architecture #luxuryhomes #furnituredesign,#decorideas #scandinavianstyle #rusticcharm #boldcolors
https://www.instagram.com/p/7645294/,user_2734,4935.0,336.0,Image,2025-02-13 06:21:48,2510.285901108598,#minimalist #architecture #boho #homedecor,#artdeco #midcenturymodern #earthytouches #sleekandchic
https://www.instagram.com/p/3855324/,user_3297,441.0,94.0,Carousel,2024-08-20 06:21:48,309.6258410604955,#architecture #colortrends #interiordesign #boho,#neutraltones #vintageaesthetic #eclecticdecor #urbanmodern
https://www.instagram.com/p/4115075/,user_8490,1817.0,174.0,Carousel,2024-07-19 06:21:48,3148.5515681248694,#homedecor #colortrends #luxuryhomes #furnituredesign,#decorideas #scandinavianstyle #rusticcharm #boldcolors
https://www.instagram.com/p/5474873/,user_5591,804.0,275.0,Carousel,2024-10-17 06:21:48,1478.1839782513423,#furnituredesign #interiordesign #homedecor #boho #luxuryhomes,#artdeco #midcenturymodern #earthytouches #sleekandchic
https://www.instagram.com/p/6136818/,user_4689,2011.0,446.0,Video,2024-04-20 06:21:48,36.37519136200679,#wallart #architecture #minimalist,#decorideas #scandinavianstyle #rusticcharm #boldcolors
https://www.instagram.com/p/3534471/,user_1092,3441.0,476.0,Video,2024-04-27 06:21:48,1052.2344264887506,#wallart #minimalist #furnituredesign,#artdeco #midcenturymodern #earthytouches #sleekandchic
https://www.instagram.com/p/2917754/,user_9351,100.0,165.0,Carousel,2024-04-29 06:21:48,2686.152787613219,#furnituredesign #interiordesign #architecture #minimalist #boho,#decorideas #scandinavianstyle #rusticcharm #boldcolors
https://www.instagram.com/p/2670705/,user_2562,892.0,417.0,Video,2024-12-02 06:21:48,1939.7550566992431,#architecture #luxuryhomes,#neutraltones #vintageaesthetic #eclecticdecor #urbanmodern
https://www.instagram.com/p/3065499/,user_4110,4023.0,160.0,Image,2024-10-08 06:21:48,3819.482846564216,#homedecor #interiordesign,#designinspo #dreamhome #interiortrends #cozyspaces
https://www.instagram.com/p/4033554/,user_5301,1955.0,460.0,Carousel,2024-08-24 06:21:48,141.82338537415657,#modern #architecture #interiordesign #minimalist,#decorideas #scandinavianstyle #rusticcharm #boldcolors
https://www.instagram.com/p/5733287/,user_9826,1145.0,393.0,Video,2024-09-01 06:21:48,29.2715323232286,#architecture #interiordesign #furnituredesign #minimalist #colortrends,#neutraltones #vintageaesthetic #eclecticdecor #urbanmodern
https://www.instagram.com/p/9973254/,user_2291,83.0,256.0,Image,2024-10-22 06:21:48,1075.2894036001371,#colortrends #boho #modern,#neutraltones #vintageaesthetic #eclecticdecor #urbanmodern
https://www.instagram.com/p/4266286/,user_7242,3764.0,111.0,Carousel,2024-06-18 06:21:48,3761.69099285304,,#designinspo #dreamhome #interiortrends #cozyspaces
https://www.instagram.com/p/4287544/,user_8268,853.0,180.0,Video,2024-12-29 06:21:48,1364.920117315699,#boho #modern,#decorideas #scandinavianstyle #rusticcharm #boldcolors
https://www.instagram.com/p/3531472/,user_3648,946.0,,Image,2025-01-29 06:21:48,3518.798305438822,#boho #luxuryhomes #homedecor #furnituredesign #interiordesign,
https://www.instagram.com/p/4451173/,user_6902,1059.0,322.0,Image,2025-02-04 06:21:48,151.18373996804823,#architecture #homedecor #interiordesign,#decorideas #scandinavianstyle #rusticcharm #boldcolors
https://www.instagram.com/p/5268681/,user_4892,2163.0,264.0,Video,2024-08-03 06:21:48,1275.1067050077438,#homedecor #luxuryhomes,#designinspo #dreamhome #interiortrends #cozyspaces
https://www.instagram.com/p/9950085/,user_6712,2943.0,117.0,Image,2024-11-22 06:21:48,684.1207803741839,#luxuryhomes #wallart #minimalist #modern #architecture,#designinspo #dreamhome #interiortrends #cozyspaces
https://www.instagram.com/p/7199446/,user_1031,746.0,468.0,Video,2024-07-22 06:21:48,2512.129886716892,#homedecor #luxuryhomes #architecture,
https://www.instagram.com/p/2238329/,user_7972,1380.0,288.0,Video,2024-03-15 06:21:48,189.66505949314032,,#decorideas #scandinavianstyle #rusticcharm #boldcolors
https://www.instagram.com/p/1882828/,user_7334,1810.0,85.0,Video,2024-06-14 06:21:48,3498.337506010683,#wallart #luxuryhomes #boho,#designinspo #dreamhome #interiortrends #cozyspaces
https://www.instagram.com/p/8678131/,user_4760,4552.0,392.0,Carousel,2024-05-05 06:21:48,3790.147021752209,#minimalist #wallart #luxuryhomes,
https://www.instagram.com/p/4505755/,user_7070,4918.0,42.0,Image,2024-03-01 06:21:48,5304.224045824394,#architecture #minimalist #homedecor #boho #luxuryhomes,#designinspo #dreamhome #interiortrends #cozyspaces
https://www.instagram.com/p/9057299/,user_7494,,162.0,Carousel,2024-07-21 06:21:48,3259.555759344811,#furnituredesign #homedecor #boho,#neutraltones #vintageaesthetic #eclecticdecor #urbanmodern
https://www.instagram.com/p/1746502/,user_5539,810.0,495.0,Image,2024-06-27 06:21:48,5322.6680003071415,#minimalist #interiordesign #luxuryhomes,#neutraltones #vintageaesthetic #eclecticdecor #urbanmodern
https://www.instagram.com/p/6805591/,user_6299,3815.0,434.0,Carousel,2024-03-28 06:21:48,3204.8073969679576,#modern #boho #architecture #homedecor,
https://www.instagram.com/p/3326303/,user_4736,2431.0,116.0,Image,2024-03-01 06:21:48,656.182412908581,#modern #interiordesign #architecture,#artdeco #midcenturymodern #earthytouches #sleekandchic
https://www.instagram.com/p/1823703/,user_1900,2933.0,459.0,Image,2024-08-20 06:21:48,3931.398615583461,#interiordesign #furnituredesign #architecture #modern #boho,#neutraltones #vintageaesthetic #eclecticdecor #urbanmodern
https://www.instagram.com/p/9145114/,user_3282,4563.0,146.0,Carousel,2024-03-07 06:21:48,1918.9300534258784,#architecture #interiordesign #minimalist,#designinspo #dreamhome #interiortrends #cozyspaces
https://www.instagram.com/p/8571121/,user_7897,3822.0,373.0,Carousel,2024-12-04 06:21:48,1750.184422587772,#wallart #furnituredesign #architecture #homedecor #interiordesign,#artdeco #midcenturymodern #earthytouches #sleekandchic
https://www.instagram.com/p/5418448/,user_7371,4426.0,176.0,Image,2024-10-29 06:21:48,4760.7772146321,#homedecor #luxuryhomes,#decorideas #scandinavianstyle #rusticcharm #boldcolors
https://www.instagram.com/p/8662166/,user_8969,3317.0,60.0,Video,2024-12-15 06:21:48,336.04032653645044,#homedecor #architecture #luxuryhomes #minimalist #furnituredesign,#decorideas #scandinavianstyle #rusticcharm #boldcolors
https://www.instagram.com/p/8315966/,user_1610,4757.0,322.0,Image,2024-03-14 06:21:48,1592.359772072901,#interiordesign #architecture #wallart #minimalist,#artdeco #midcenturymodern #earthytouches #sleekandchic
https://www.instagram.com/p/7235646/,user_7596,1010.0,43.0,Carousel,2024-04-07 06:21:48,2775.9838774821314,#boho #homedecor #luxuryhomes #architecture,#decorideas #scandinavianstyle #rusticcharm #boldcolors
https://www.instagram.com/p/6946739/,user_9298,1781.0,149.0,Carousel,2024-05-21 06:21:48,3900.189625186303,#furnituredesign #modern,#neutraltones #vintageaesthetic #eclecticdecor #urbanmodern
https://www.instagram.com/p/6154187/,user_6290,,439.0,Carousel,2024-08-15 06:21:48,2149.01690492644,#boho #homedecor #colortrends,#decorideas #scandinavianstyle #rusticcharm #boldcolors
https://www.instagram.com/p/8787869/,user_1084,4443.0,460.0,Carousel,2024-03-23 06:21:48,862.4677336701798,#modern #homedecor #architecture #wallart #boho,#artdeco #midcenturymodern #earthytouches #sleekandchic
https://www.instagram.com/p/8079964/,user_1367,306.0,149.0,Video,2024-08-27 06:21:48,559.3976867969785,#boho #luxuryhomes,
https://www.instagram.com/p/2580938/,user_8515,,428.0,Carousel,2025-01-23 06:21:48,2165.07930253058,#colortrends #minimalist,#neutraltones #vintageaesthetic #eclecticdecor #urbanmodern
https://www.instagram.com/p/8333842/,user_9127,575.0,20.0,Carousel,2024-05-26 06:21:48,2953.3472492578685,,#decorideas #scandinavianstyle #rusticcharm #boldcolors
https://www.instagram.com/p/8015554/,user_9665,255.0,223.0,Image,2024-12-21 06:21:48,2089.731080135959,#modern #homedecor #furnituredesign #wallart,#artdeco #midcenturymodern #earthytouches #sleekandchic
https://www.instagram.com/p/8370231/,user_5721,4461.0,408.0,Video,2024-11-09 06:21:48,1971.29673557316,#colortrends #minimalist #wallart,#designinspo #dreamhome #interiortrends #cozyspaces
https://www.instagram.com/p/6184164/,user_4236,,272.0,Video,2024-04-02 06:21:48,171.35586846682244,#modern #colortrends #minimalist #wallart #architecture,#decorideas #scandinavianstyle #rusticcharm #boldcolors
https://www.instagram.com/p/9767932/,user_2827,1947.0,103.0,Video,2024-06-07 06:21:48,5277.162242197133,,#neutraltones #vintageaesthetic #eclecticdecor #urbanmodern
https://www.instagram.com/p/6679931/,user_2897,4090.0,312.0,Video,2024-09-17 06:21:48,3917.253949268001,#luxuryhomes #homedecor #architecture #minimalist,#designinspo #dreamhome #interiortrends #cozyspaces
https://www.instagram.com/p/8182526/,user_5121,17.0,231.0,Video,2025-02-14 06:21:48,1553.3179703664705,#furnituredesign #luxuryhomes,#neutraltones #vintageaesthetic #eclecticdecor #urbanmodern
https://www.instagram.com/p/9288765/,user_1789,2389.0,133.0,Video,2024-09-07 06:21:48,298.73508373701327,#homedecor #wallart,
https://www.instagram.com/p/2155882/,user_3504,1512.0,290.0,Carousel,2024-03-14 06:21:48,2912.7241207734905,,#neutraltones #vintageaesthetic #eclecticdecor #urbanmodern
https://www.instagram.com/p/9138241/,user_6419,4695.0,358.0,Image,2024-10-14 06:21:48,2813.632181527855,#homedecor #interiordesign #luxuryhomes #modern,#designinspo #dreamhome #interiortrends #cozyspaces
https://www.instagram.com/p/7418061/,user_3259,3430.0,263.0,Video,2024-04-21 06:21:48,1335.4159477711928,#luxuryhomes #interiordesign #architecture #minimalist #colortrends,#neutraltones #vintageaesthetic #eclecticdecor #urbanmodern
https://www.instagram.com/p/9851532/,user_6585,2353.0,,Carousel,2025-01-13 06:21:48,4186.294175246173,#furnituredesign #homedecor #wallart,#artdeco #midcenturymodern #earthytouches #sleekandchic
https://www.instagram.com/p/6520536/,user_8979,4855.0,25.0,Image,2024-09-12 06:21:48,370.6953588884695,#furnituredesign #homedecor #wallart #minimalist,#decorideas #scandinavianstyle #rusticcharm #boldcolors
https://www.instagram.com/p/8712852/,user_9097,507.0,372.0,Video,2024-04-01 06:21:48,2810.1082739237804,,#artdeco #midcenturymodern #earthytouches #sleekandchic
https://www.instagram.com/p/7281618/,user_9232,829.0,66.0,Video,2024-10-05 06:21:48,1929.6597667492636,#furnituredesign #architecture #interiordesign #wallart,#decorideas #scandinavianstyle #rusticcharm #boldcolors
https://www.instagram.com/p/5560604/,user_7785,2696.0,,Video,2024-10-06 06:21:48,2258.732771476814,#boho #interiordesign #colortrends #furnituredesign #architecture,
https://www.instagram.com/p/6224781/,user_5141,2493.0,157.0,Carousel,2024-08-23 06:21:48,5201.082905272567,#modern #luxuryhomes #furnituredesign,#decorideas #scandinavianstyle #rusticcharm #boldcolors
https://www.instagram.com/p/2182257/,user_5018,718.0,104.0,Carousel,2024-08-09 06:21:48,4734.0908108876965,#modern #colortrends,#neutraltones #vintageaesthetic #eclecticdecor #urbanmodern
https://www.instagram.com/p/1267940/,user_5003,2180.0,254.0,Video,2024-07-29 06:21:48,3403.9741447477304,#architecture #wallart #boho,#decorideas #scandinavianstyle #rusticcharm #boldcolors
https://www.instagram.com/p/6818424/,user_3674,3384.0,18.0,Video,2025-02-12 06:21:48,2739.8411762159867,#furnituredesign #interiordesign #architecture #modern #boho,#decorideas #scandinavianstyle #rusticcharm #boldcolors
https://www.instagram.com/p/7889206/,user_3191,3315.0,242.0,Carousel,2024-07-25 06:21:48,5368.985656141829,#modern #wallart #homedecor #architecture #luxuryhomes,#designinspo #dreamhome #interiortrends #cozyspaces
https://www.instagram.com/p/2064228/,user_4070,4788.0,275.0,Video,2024-11-14 06:21:48,149.59079706299616,#homedecor #minimalist #architecture #furnituredesign #wallart,#neutraltones #vintageaesthetic #eclecticdecor #urbanmodern
https://www.instagram.com/p/7228720/,user_4811,3825.0,495.0,Video,2024-04-19 06:21:48,2424.146591670924,#homedecor #furnituredesign #interiordesign #architecture #colortrends,#neutraltones #vintageaesthetic #eclecticdecor #urbanmodern
https://www.instagram.com/p/9380056/,user_7434,828.0,404.0,Video,2024-06-06 06:21:48,3628.265619641111,#architecture #modern #interiordesign #colortrends,#designinspo #dreamhome #interiortrends #cozyspaces
https://www.instagram.com/p/9945644/,user_2286,922.0,352.0,Carousel,2024-10-07 06:21:48,2948.1448214121624,#architecture #interiordesign #homedecor,#decorideas #scandinavianstyle #rusticcharm #boldcolors
https://www.instagram.com/p/8258069/,user_1509,4390.0,181.0,Image,2024-05-24 06:21:48,4272.334453298693,#minimalist #colortrends #boho,#decorideas #scandinavianstyle #rusticcharm #boldcolors
https://www.instagram.com/p/3039977/,user_2896,,,Carousel,2024-04-01 06:21:48,3663.6161845587553,,#artdeco #midcenturymodern #earthytouches #sleekandchic
https://www.instagram.com/p/8242352/,user_2405,2172.0,498.0,Carousel,2024-04-26 06:21:48,1354.9390674785432,#wallart #architecture #boho #modern,#decorideas #scandinavianstyle #rusticcharm #boldcolors
https://www.instagram.com/p/4555433/,user_1811,787.0,188.0,Image,2025-01-21 06:21:48,2262.576293482177,#minimalist #colortrends,#designinspo #dreamhome #interiortrends #cozyspaces
https://www.instagram.com/p/5766127/,user_2616,1235.0,55.0,Video,2024-08-23 06:21:48,3900.9650715010057,#wallart #architecture #luxuryhomes,#decorideas #scandinavianstyle #rusticcharm #boldcolors
https://www.instagram.com/p/3591580/,user_4086,274.0,39.0,Video,2025-01-31 06:21:48,5327.156767737256,#luxuryhomes #wallart,#artdeco #midcenturymodern #earthytouches #sleekandchic
https://www.instagram.com/p/1925498/,user_6389,3167.0,61.0,Carousel,2024-05-05 06:21:48,311.82491029608315,#luxuryhomes #homedecor,#neutraltones #vintageaesthetic #eclecticdecor #urbanmodern
https://www.instagram.com/p/7559488/,user_3434,4957.0,,Image,2024-08-20 06:21:48,5065.748134771774,#interiordesign #wallart #colortrends #boho,#designinspo #dreamhome #interiortrends #cozyspaces
https://www.instagram.com/p/4455800/,user_9181,701.0,,Carousel,2024-04-09 06:21:48,4430.377017540033,#modern #architecture #homedecor #luxuryhomes,#designinspo #dreamhome #interiortrends #cozyspaces
https://www.instagram.com/p/7539593/,user_7401,3118.0,87.0,Video,2024-10-04 06:21:48,5368.380705517171,#colortrends #boho #furnituredesign,#artdeco #midcenturymodern #earthytouches #sleekandchic
https://www.instagram.com/p/1888470/,user_1518,752.0,70.0,Image,2024-08-28 06:21:48,430.3336413766866,,#decorideas #scandinavianstyle #rusticcharm #boldcolors
https://www.instagram.com/p/4172810/,user_8674,,333.0,Image,2024-05-27 06:21:48,574.1201376702512,#minimalist #colortrends #architecture #interiordesign,#neutraltones #vintageaesthetic #eclecticdecor #urbanmodern
https://www.instagram.com/p/5054784/,user_3011,3321.0,60.0,Video,2024-08-21 06:21:48,1690.1574894841838,#wallart #interiordesign #homedecor #furnituredesign,#decorideas #scandinavianstyle #rusticcharm #boldcolors
https://www.instagram.com/p/9963152/,user_4149,28.0,424.0,Image,2024-03-02 06:21:48,2155.6246414672155,#architecture #boho,
https://www.instagram.com/p/6193731/,user_3891,2050.0,429.0,Image,2024-03-21 06:21:48,741.0043045946254,#boho #architecture #modern #minimalist,#artdeco #midcenturymodern #earthytouches #sleekandchic
https://www.instagram.com/p/3157060/,user_3696,4779.0,352.0,Carousel,2024-09-08 06:21:48,5022.503700763643,#modern #luxuryhomes #architecture #interiordesign #wallart,#artdeco #midcenturymodern #earthytouches #sleekandchic
https://www.instagram.com/p/6154695/,user_5638,288.0,85.0,Video,2024-03-17 06:21:48,638.7544923902376,,#artdeco #midcenturymodern #earthytouches #sleekandchic
https://www.instagram.com/p/5508770/,user_9659,454.0,5.0,Carousel,2024-12-04 06:21:48,4531.719697898183,#modern #furnituredesign,#decorideas #scandinavianstyle #rusticcharm #boldcolors
https://www.instagram.com/p/1469655/,user_5302,2111.0,164.0,Video,2025-01-08 06:21:48,689.9865143687922,#homedecor #minimalist #architecture,#designinspo #dreamhome #interiortrends #cozyspaces
https://www.instagram.com/p/3056426/,user_9126,2906.0,335.0,Carousel,2024-03-16 06:21:48,2027.5764548473671,#boho #minimalist #architecture #luxuryhomes #homedecor,#artdeco #midcenturymodern #earthytouches #sleekandchic
https://www.instagram.com/p/1395765/,user_3859,,15.0,Carousel,2024-12-05 06:21:48,2107.4979607362066,#wallart #homedecor #furnituredesign,#neutraltones #vintageaesthetic #eclecticdecor #urbanmodern
https://www.instagram.com/p/3342167/,user_9889,388.0,316.0,Image,2024-04-23 06:21:48,4041.4997439173903,#homedecor #interiordesign,#artdeco #midcenturymodern #earthytouches #sleekandchic
https://www.instagram.com/p/2444932/,user_3862,1380.0,,Image,2025-02-25 06:21:48,4307.171521052246,#homedecor #modern #furnituredesign #interiordesign #wallart,#artdeco #midcenturymodern #earthytouches #sleekandchic
https://www.instagram.com/p/8361885/,user_6758,3739.0,26.0,Image,2025-02-09 06:21:48,4555.730888525801,#boho #colortrends #interiordesign,#neutraltones #vintageaesthetic #eclecticdecor #urbanmodern
https://www.instagram.com/p/4837233/,user_3531,1054.0,145.0,Video,2024-09-24 06:21:48,2196.051816658727,#homedecor #furnituredesign #architecture #minimalist #interiordesign,#artdeco #midcenturymodern #earthytouches #sleekandchic
https://www.instagram.com/p/4262571/,user_6158,2031.0,334.0,Image,2024-07-16 06:21:48,4206.344903643349,#interiordesign #modern #homedecor,#neutraltones #vintageaesthetic #eclecticdecor #urbanmodern
https://www.instagram.com/p/3838299/,user_9153,1418.0,110.0,Carousel,2024-06-27 06:21:48,905.10655436941,#luxuryhomes #boho #minimalist #modern #interiordesign,#artdeco #midcenturymodern #earthytouches #sleekandchic
https://www.instagram.com/p/3196278/,user_3812,3815.0,,Video,2024-12-07 06:21:48,460.8552626955893,#luxuryhomes #colortrends,#artdeco #midcenturymodern #earthytouches #sleekandchic
https://www.instagram.com/p/7257748/,user_1327,2383.0,416.0,Image,2024-04-08 06:21:48,4299.671203424058,#luxuryhomes #homedecor #interiordesign,#designinspo #dreamhome #interiortrends #cozyspaces
https://www.instagram.com/p/2851154/,user_3628,,350.0,Video,2024-07-26 06:21:48,687.1183475530753,#wallart #boho #interiordesign,
https://www.instagram.com/p/6241197/,user_7119,2583.0,315.0,Image,2024-08-09 06:21:48,1419.4032280190331,#interiordesign #modern #boho #colortrends #furnituredesign,
https://www.instagram.com/p/3983913/,user_5096,3453.0,467.0,Carousel,2024-10-07 06:21:48,642.2992891548295,#furnituredesign #luxuryhomes,#designinspo #dreamhome #interiortrends #cozyspaces
https://www.instagram.com/p/8078121/,user_8768,65.0,,Image,2024-07-22 06:21:48,828.7848073279116,#architecture #furnituredesign #colortrends #modern,#artdeco #midcenturymodern #earthytouches #sleekandchic
https://www.instagram.com/p/2640570/,user_8517,902.0,132.0,Carousel,2024-06-05 06:21:48,805.7681710212287,#colortrends #luxuryhomes #wallart,#designinspo #dreamhome #interiortrends #cozyspaces
https://www.instagram.com/p/3451064/,user_1672,,407.0,Image,2024-06-19 06:21:48,1212.1382800187746,#interiordesign #wallart #modern #colortrends,#neutraltones #vintageaesthetic #eclecticdecor #urbanmodern
https://www.instagram.com/p/7923089/,user_8521,948.0,185.0,Carousel,2024-11-09 06:21:48,5377.360407235788,#architecture #furnituredesign #wallart #interiordesign #homedecor,#neutraltones #vintageaesthetic #eclecticdecor #urbanmodern
https://www.instagram.com/p/2215432/,user_9295,1323.0,70.0,Image,2024-04-12 06:21:48,2504.565711702294,#modern #minimalist #colortrends #homedecor #furnituredesign,#designinspo #dreamhome #interiortrends #cozyspaces
https://www.instagram.com/p/3892960/,user_4508,2549.0,,Video,2024-08-14 06:21:48,3123.641238124768,#homedecor #wallart #boho #furnituredesign,#decorideas #scandinavianstyle #rusticcharm #boldcolors
https://www.instagram.com/p/2098907/,user_4842,1742.0,267.0,Video,2024-05-22 06:21:48,3519.37051687808,#architecture #minimalist #homedecor,
https://www.instagram.com/p/9507659/,user_8146,4098.0,458.0,Image,2024-08-16 06:21:48,3767.1075482025926,#interiordesign #architecture #modern #boho #homedecor,#decorideas #scandinavianstyle #rusticcharm #boldcolors
https://www.instagram.com/p/5768177/,user_9193,1041.0,306.0,Carousel,2024-06-04 06:21:48,3475.526299428744,#boho #interiordesign,#designinspo #dreamhome #interiortrends #cozyspaces
https://www.instagram.com/p/4954343/,user_2336,2015.0,194.0,Image,2024-12-26 06:21:48,4674.274596052737,#colortrends #interiordesign,#neutraltones #vintageaesthetic #eclecticdecor #urbanmodern
https://www.instagram.com/p/7996259/,user_4780,3894.0,422.0,Image,2024-12-11 06:21:48,297.5572623818882,#luxuryhomes #boho #homedecor,
https://www.instagram.com/p/1935824/,user_4348,3637.0,476.0,Image,2024-05-31 06:21:48,885.3889763919618,#architecture #colortrends #furnituredesign #boho,
https://www.instagram.com/p/1102809/,user_2109,3862.0,,Image,2024-09-25 06:21:48,1073.447648378713,#colortrends #minimalist #modern #boho,#artdeco #midcenturymodern #earthytouches #sleekandchic
https://www.instagram.com/p/8750487/,user_5855,381.0,9.0,Image,2024-06-20 06:21:48,473.8101566911613,#luxuryhomes #wallart #furnituredesign,#artdeco #midcenturymodern #earthytouches #sleekandchic
https://www.instagram.com/p/3776708/,user_1663,3541.0,73.0,Video,2025-02-19 06:21:48,4800.772357534349,#interiordesign #wallart #colortrends #boho,#neutraltones #vintageaesthetic #eclecticdecor #urbanmodern
https://www.instagram.com/p/3762478/,user_9583,4145.0,131.0,Video,2024-05-15 06:21:48,2496.229833970879,#interiordesign #architecture,#neutraltones #vintageaesthetic #eclecticdecor #urbanmodern
https://www.instagram.com/p/3363718/,user_7332,2224.0,391.0,Video,2024-11-22 06:21:48,4924.673283145376,#modern #minimalist #furnituredesign #boho #homedecor,#artdeco #midcenturymodern #earthytouches #sleekandchic
https://www.instagram.com/p/4293640/,user_7137,3977.0,410.0,Video,2025-02-22 06:21:48,759.9442020253828,#architecture #modern,#designinspo #dreamhome #interiortrends #cozyspaces
https://www.instagram.com/p/2765959/,user_4508,3262.0,,Carousel,2025-01-21 06:21:48,4719.892228428114,#boho #furnituredesign #interiordesign #modern #colortrends,#decorideas #scandinavianstyle #rusticcharm #boldcolors
https://www.instagram.com/p/2927330/,user_8049,,310.0,Video,2024-05-16 06:21:48,4939.685017414097,#furnituredesign #interiordesign #luxuryhomes #wallart #minimalist,#decorideas #scandinavianstyle #rusticcharm #boldcolors
https://www.instagram.com/p/4989418/,user_9782,1284.0,355.0,Video,2024-12-06 06:21:48,4131.102648301106,#minimalist #architecture #wallart,#neutraltones #vintageaesthetic #eclecticdecor #urbanmodern
https://www.instagram.com/p/5914946/,user_4107,,373.0,Video,2024-12-04 06:21:48,4244.814804463703,,#neutraltones #vintageaesthetic #eclecticdecor #urbanmodern
https://www.instagram.com/p/2546657/,user_6066,453.0,,Image,2024-12-11 06:21:48,2340.7858355316857,,#neutraltones #vintageaesthetic #eclecticdecor #urbanmodern
https://www.instagram.com/p/5323328/,user_8700,157.0,363.0,Video,2024-08-06 06:21:48,1039.9487335707688,#wallart #architecture #furnituredesign #interiordesign #homedecor,#neutraltones #vintageaesthetic #eclecticdecor #urbanmodern
https://www.instagram.com/p/3687282/,user_6909,4641.0,210.0,Image,2024-05-01 06:21:48,4221.725125586145,,#decorideas #scandinavianstyle #rusticcharm #boldcolors
https://www.instagram.com/p/8903458/,user_2462,,137.0,Video,2024-10-06 06:21:48,4976.212617668386,#furnituredesign #wallart #boho #colortrends #modern,#decorideas #scandinavianstyle #rusticcharm #boldcolors
https://www.instagram.com/p/8235542/,user_3330,1656.0,368.0,Video,2024-07-05 06:21:48,4775.7868626238005,#boho #architecture,#neutraltones #vintageaesthetic #eclecticdecor #urbanmodern
https://www.instagram.com/p/6245066/,user_9288,,,Image,2024-05-26 06:21:48,376.50695164162914,#architecture #minimalist #luxuryhomes,#designinspo #dreamhome #interiortrends #cozyspaces
https://www.instagram.com/p/6576844/,user_5080,637.0,281.0,Carousel,2025-01-09 06:21:48,2968.89624373384,#architecture #luxuryhomes #colortrends #modern,#decorideas #scandinavianstyle #rusticcharm #boldcolors
https://www.instagram.com/p/7292184/,user_8767,4431.0,495.0,Carousel,2025-01-21 06:21:48,4744.653588829957,#homedecor #boho #wallart #furnituredesign,#neutraltones #vintageaesthetic #eclecticdecor #urbanmodern
https://www.instagram.com/p/2845486/,user_1788,2665.0,305.0,Image,2024-06-11 06:21:48,1027.2893594335103,#minimalist #modern #colortrends #architecture #furnituredesign,#decorideas #scandinavianstyle #rusticcharm #boldcolors
https://www.instagram.com/p/9269105/,user_5941,1065.0,370.0,Video,2024-12-27 06:21:48,11.928508902281589,#architecture #modern #colortrends #minimalist,#designinspo #dreamhome #interiortrends #cozyspaces
https://www.instagram.com/p/9420556/,user_2667,2728.0,,Carousel,2024-09-23 06:21:48,5386.367704835883,#architecture #luxuryhomes #colortrends,
https://www.instagram.com/p/1424969/,user_4701,3183.0,376.0,Video,2025-02-25 06:21:48,2808.071932794233,#wallart #colortrends,#artdeco #midcenturymodern #earthytouches #sleekandchic
https://www.instagram.com/p/2876454/,user_3393,1100.0,406.0,Image,2024-10-04 06:21:48,3342.567083251084,#minimalist #luxuryhomes #interiordesign #architecture #boho,#decorideas #scandinavianstyle #rusticcharm #boldcolors
https://www.instagram.com/p/2801236/,user_8955,4662.0,453.0,Image,2024-04-16 06:21:48,3448.759527573933,#homedecor #modern #colortrends,#neutraltones #vintageaesthetic #eclecticdecor #urbanmodern
https://www.instagram.com/p/5244373/,user_7174,4310.0,479.0,Video,2024-06-12 06:21:48,1178.6391147196368,#luxuryhomes #furnituredesign,#decorideas #scandinavianstyle #rusticcharm #boldcolors
https://www.instagram.com/p/7167708/,user_3790,4665.0,150.0,Video,2025-02-12 06:21:48,1741.5401327462564,#furnituredesign #interiordesign,
https://www.instagram.com/p/8350052/,user_2055,373.0,177.0,Image,2025-02-20 06:21:48,4132.878157996657,#colortrends #boho #furnituredesign #wallart #homedecor,#decorideas #scandinavianstyle #rusticcharm #boldcolors
https://www.instagram.com/p/5510702/,user_9746,3795.0,410.0,Video,2024-12-31 06:21:48,4156.785850757277,#colortrends #luxuryhomes #boho #furnituredesign,#decorideas #scandinavianstyle #rusticcharm #boldcolors
https://www.instagram.com/p/3018043/,user_8374,2454.0,,Carousel,2024-10-15 06:21:48,3727.5434281015305,#luxuryhomes #interiordesign #boho,#designinspo #dreamhome #interiortrends #cozyspaces
https://www.instagram.com/p/2862357/,user_5574,,422.0,Carousel,2024-03-28 06:21:48,5067.053923112625,#furnituredesign #wallart #minimalist #colortrends #homedecor,#neutraltones #vintageaesthetic #eclecticdecor #urbanmodern
https://www.instagram.com/p/5411901/,user_5431,3212.0,176.0,Carousel,2025-01-22 06:21:48,1501.6131986349203,#boho #furnituredesign #luxuryhomes #homedecor,#artdeco #midcenturymodern #earthytouches #sleekandchic
https://www.instagram.com/p/2422391/,user_6886,884.0,379.0,Carousel,2024-12-11 06:21:48,813.3127661802097,#furnituredesign #minimalist #modern #boho,
https://www.instagram.com/p/1727169/,user_9078,1754.0,451.0,Image,2024-04-21 06:21:48,2822.5324470871847,,#designinspo #dreamhome #interiortrends #cozyspaces
https://www.instagram.com/p/3094073/,user_5320,428.0,313.0,Carousel,2024-12-29 06:21:48,5171.35848401192,#modern #minimalist #colortrends #boho,
https://www.instagram.com/p/7257223/,user_4900,4580.0,351.0,Video,2024-12-17 06:21:48,2083.9876085837027,#luxuryhomes #architecture,#neutraltones #vintageaesthetic #eclecticdecor #urbanmodern
https://www.instagram.com/p/2348527/,user_1605,,298.0,Video,2024-06-17 06:21:48,5480.519761321456,#furnituredesign #wallart #minimalist #modern #colortrends,#decorideas #scandinavianstyle #rusticcharm #boldcolors
https://www.instagram.com/p/7693099/,user_7882,2304.0,228.0,Carousel,2024-03-28 06:21:48,2019.937052279722,#boho #homedecor #furnituredesign #interiordesign #architecture,#neutraltones #vintageaesthetic #eclecticdecor #urbanmodern
https://www.instagram.com/p/7139137/,user_8399,4186.0,56.0,Carousel,2024-11-11 06:21:48,4741.000714405379,#boho #homedecor #interiordesign #wallart,#designinspo #dreamhome #interiortrends #cozyspaces
https://www.instagram.com/p/6136865/,user_8157,831.0,291.0,Carousel,2024-11-25 06:21:48,5432.591417806681,#interiordesign #furnituredesign #boho #luxuryhomes #minimalist,#designinspo #dreamhome #interiortrends #cozyspaces
https://www.instagram.com/p/6239609/,user_1843,1720.0,361.0,Carousel,2024-08-25 06:21:48,4085.244056072871,#minimalist #luxuryhomes #modern #furnituredesign #homedecor,#artdeco #midcenturymodern #earthytouches #sleekandchic
https://www.instagram.com/p/2911709/,user_2803,2435.0,82.0,Carousel,2024-11-16 06:21:48,3740.4594967659937,#modern #wallart #boho #minimalist #furnituredesign,
https://www.instagram.com/p/8435292/,user_2324,2064.0,496.0,Video,2024-09-20 06:21:48,4197.636574117032,#furnituredesign #minimalist #interiordesign #colortrends #modern,#artdeco #midcenturymodern #earthytouches #sleekandchic
https://www.instagram.com/p/4385942/,user_1193,2936.0,197.0,Video,2024-10-01 06:21:48,4116.25774870206,#modern #colortrends,#designinspo #dreamhome #interiortrends #cozyspaces
https://www.instagram.com/p/3177490/,user_2492,1936.0,423.0,Image,2024-04-18 06:21:48,1540.4992562637572,#homedecor #colortrends #luxuryhomes #wallart,#artdeco #midcenturymodern #earthytouches #sleekandchic
https://www.instagram.com/p/7907044/,user_3398,3716.0,168.0,Image,2025-02-21 06:21:48,4464.912648804976,#furnituredesign #minimalist,#neutraltones #vintageaesthetic #eclecticdecor #urbanmodern
https://www.instagram.com/p/8287491/,user_4213,3114.0,313.0,Image,2024-07-31 06:21:48,1177.9511486824565,#wallart #interiordesign #furnituredesign #modern,#designinspo #dreamhome #interiortrends #cozyspaces
https://www.instagram.com/p/8877644/,user_3948,3842.0,430.0,Image,2025-02-01 06:21:48,2061.538330594536,#homedecor #interiordesign #modern,
https://www.instagram.com/p/4464476/,user_1163,,423.0,Carousel,2024-07-06 06:21:48,5293.6604794618415,#modern #architecture,#neutraltones #vintageaesthetic #eclecticdecor #urbanmodern
https://www.instagram.com/p/4468942/,user_1229,121.0,109.0,Image,2025-02-04 06:21:48,3901.266061092719,#interiordesign #architecture #homedecor #minimalist #boho,#neutraltones #vintageaesthetic #eclecticdecor #urbanmodern
https://www.instagram.com/p/1159217/,user_5738,,282.0,Video,2025-02-04 06:21:48,766.3707767702217,#boho #wallart,#designinspo #dreamhome #interiortrends #cozyspaces
https://www.instagram.com/p/3504787/,user_6489,343.0,,Carousel,2024-07-22 06:21:48,383.9285364264613,#modern #minimalist,#designinspo #dreamhome #interiortrends #cozyspaces
https://www.instagram.com/p/1046415/,user_9450,561.0,237.0,Video,2024-09-12 06:21:48,4709.706187286165,#homedecor #modern #boho #wallart,
https://www.instagram.com/p/7985444/,user_5966,2784.0,408.0,Video,2024-11-25 06:21:48,5252.505265625558,#interiordesign #luxuryhomes #furnituredesign #homedecor,#neutraltones #vintageaesthetic #eclecticdecor #urbanmodern
https://www.instagram.com/p/6633834/,user_6788,1575.0,,Video,2024-04-21 06:21:48,3208.151928006714,#minimalist #boho #furnituredesign #luxuryhomes,#designinspo #dreamhome #interiortrends #cozyspaces
https://www.instagram.com/p/3424720/,user_8641,911.0,209.0,Carousel,2025-01-25 06:21:48,1918.927932713928,#colortrends #furnituredesign,#artdeco #midcenturymodern #earthytouches #sleekandchic
https://www.instagram.com/p/4218915/,user_6490,4077.0,87.0,Carousel,2024-05-10 06:21:48,1730.3825564346637,#furnituredesign #luxuryhomes #interiordesign #wallart #colortrends,#neutraltones #vintageaesthetic #eclecticdecor #urbanmodern
https://www.instagram.com/p/2680850/,user_6796,3802.0,308.0,Video,2024-10-31 06:21:48,1322.9344928617616,#homedecor #luxuryhomes #boho #modern,#designinspo #dreamhome #interiortrends #cozyspaces
https://www.instagram.com/p/6985632/,user_5432,,290.0,Image,2024-10-18 06:21:48,2875.268591778421,#modern #interiordesign #wallart,
https://www.instagram.com/p/7796362/,user_5217,,6.0,Carousel,2024-03-29 06:21:48,2866.4646175236003,#architecture #colortrends #boho,#neutraltones #vintageaesthetic #eclecticdecor #urbanmodern
https://www.instagram.com/p/4089367/,user_5465,4104.0,275.0,Carousel,2024-07-12 06:21:48,3935.4796968729943,#minimalist #wallart #luxuryhomes #furnituredesign,#designinspo #dreamhome #interiortrends #cozyspaces
https://www.instagram.com/p/1302065/,user_6542,,20.0,Video,2024-04-09 06:21:48,1317.408232588301,#furnituredesign #interiordesign #modern #boho,#designinspo #dreamhome #interiortrends #cozyspaces
https://www.instagram.com/p/1925780/,user_9964,920.0,298.0,Video,2024-06-04 06:21:48,5482.475397910803,#boho #wallart #luxuryhomes #furnituredesign #colortrends,#designinspo #dreamhome #interiortrends #cozyspaces
https://www.instagram.com/p/9907349/,user_5750,187.0,330.0,Image,2025-01-02 06:21:48,2839.942287121856,#modern #boho #minimalist #interiordesign #wallart,#designinspo #dreamhome #interiortrends #cozyspaces
https://www.instagram.com/p/8360936/,user_6395,121.0,170.0,Image,2025-01-11 06:21:48,3239.6927991549446,#colortrends #interiordesign #wallart,#designinspo #dreamhome #interiortrends #cozyspaces
https://www.instagram.com/p/4371675/,user_1953,225.0,201.0,Carousel,2024-11-17 06:21:48,4058.835170467111,#architecture #luxuryhomes #furnituredesign,#decorideas #scandinavianstyle #rusticcharm #boldcolors
https://www.instagram.com/p/9013186/,user_7221,1128.0,22.0,Carousel,2024-12-13 06:21:48,4363.617162740892,#modern #luxuryhomes #wallart #boho #architecture,#designinspo #dreamhome #interiortrends #cozyspaces
https://www.instagram.com/p/2101207/,user_2367,1360.0,361.0,Carousel,2024-12-20 06:21:48,5095.422077036953,#interiordesign #boho,#designinspo #dreamhome #interiortrends #cozyspaces
https://www.instagram.com/p/3582379/,user_3488,2855.0,121.0,Image,2024-04-02 06:21:48,1384.961222998597,#boho #minimalist,#neutraltones #vintageaesthetic #eclecticdecor #urbanmodern
https://www.instagram.com/p/7493439/,user_7977,2830.0,44.0,Video,2024-11-27 06:21:48,5450.932097214551,#minimalist #architecture #furnituredesign,#designinspo #dreamhome #interiortrends #cozyspaces
https://www.instagram.com/p/2726446/,user_8523,4626.0,121.0,Carousel,2024-12-29 06:21:48,3144.7713112550546,#architecture #modern,#artdeco #midcenturymodern #earthytouches #sleekandchic
https://www.instagram.com/p/2532583/,user_6050,,,Image,2025-01-14 06:21:48,4337.333850261411,#wallart #luxuryhomes #modern #architecture,#neutraltones #vintageaesthetic #eclecticdecor #urbanmodern
https://www.instagram.com/p/4244397/,user_2380,,,Image,2024-08-15 06:21:48,587.6901768566513,#wallart #interiordesign #architecture #modern #colortrends,#decorideas #scandinavianstyle #rusticcharm #boldcolors
https://www.instagram.com/p/5575883/,user_6063,4876.0,104.0,Carousel,2024-05-13 06:21:48,2582.1922191023277,#furnituredesign #colortrends #minimalist,#designinspo #dreamhome #interiortrends #cozyspaces
https://www.instagram.com/p/6770816/,user_9609,4597.0,476.0,Carousel,2024-03-27 06:21:48,3415.978995155313,#boho #modern,
https://www.instagram.com/p/2482130/,user_2907,3117.0,,Carousel,2024-03-20 06:21:48,3497.082700888222,#architecture #boho,#artdeco #midcenturymodern #earthytouches #sleekandchic
